video_id,title,view_count,like_count,comment_count,comment,comment_like_count,comment_published_at
dT7zTHOTxlI,市川市動植物園🐒💖 ベビーパンチくんへの愛情がすごい…世界も驚く感動の瞬間✨,137486,2796,14,"パンチくん🐒のパパさん毎日お疲れさまです🙇💦
お身体大丈夫ですか？お休みは取れているのでしょうか?
園内は広く移動だけでも疲れます🙇💦休養をしっかり摂って、園の動植物園を守ってくださいね🩷パンチくん🐒もまだまだ妬み心からか突然痛い・辛い思いもしています🩷どうぞ、よろしくお願いします🎀",113,2026-06-17T03:55:03Z
dT7zTHOTxlI,市川市動植物園🐒💖 ベビーパンチくんへの愛情がすごい…世界も驚く感動の瞬間✨,137486,2796,14,パンチくんって大人になってデカい姿でも肩に登ってくるのかな😂楽しみ,41,2026-06-18T00:25:29Z
dT7zTHOTxlI,市川市動植物園🐒💖 ベビーパンチくんへの愛情がすごい…世界も驚く感動の瞬間✨,137486,2796,14,宮パパパンチ君が大好き過ぎてうれしくなる、ぱんちのじゃんぷりょくにすげーなぱんでにっこり。❤❤❤❤❤❤🎉,29,2026-06-17T14:48:19Z
dT7zTHOTxlI,市川市動植物園🐒💖 ベビーパンチくんへの愛情がすごい…世界も驚く感動の瞬間✨,137486,2796,14,飼育員さんの目の前で凶暴猿に引きずり回れたから、いつも以上に下に降りたくないように感じます。やっぱり怖いからね。飼育員さん、ありがとうございます。,27,2026-06-17T14:12:04Z
dT7zTHOTxlI,市川市動植物園🐒💖 ベビーパンチくんへの愛情がすごい…世界も驚く感動の瞬間✨,137486,2796,14,待てー、にがさないよ、ぱんちのこころのさけび😅😅😅😂😂😂🎉❤❤❤❤❤❤❤❤🎉🎉🎉,27,2026-06-17T14:52:21Z
dT7zTHOTxlI,市川市動植物園🐒💖 ベビーパンチくんへの愛情がすごい…世界も驚く感動の瞬間✨,137486,2796,14,可愛いなぁ,14,2026-06-18T12:03:25Z
dT7zTHOTxlI,市川市動植物園🐒💖 ベビーパンチくんへの愛情がすごい…世界も驚く感動の瞬間✨,137486,2796,14,なんでニヤニヤしてるんだろ😂,28,2026-06-17T08:46:38Z
dT7zTHOTxlI,市川市動植物園🐒💖 ベビーパンチくんへの愛情がすごい…世界も驚く感動の瞬間✨,137486,2796,14,Je to obetaví zlaty clovek 🫠🫠🫠🫠🫠❤️,12,2026-06-17T18:08:39Z
dT7zTHOTxlI,市川市動植物園🐒💖 ベビーパンチくんへの愛情がすごい…世界も驚く感動の瞬間✨,137486,2796,14,Папа панча похоже немного устал,11,2026-06-17T12:27:14Z
dT7zTHOTxlI,市川市動植物園🐒💖 ベビーパンチくんへの愛情がすごい…世界も驚く感動の瞬間✨,137486,2796,14,Miyakoshi gracias por todo te admiro mucho sobre todo por amar a estos seres tan bonitos cuídate mucho descansa por favor cariño 🩵🩵🩵🩵❤️🇨🇱🇨🇱🇨🇱 CHILE,0,2026-06-19T21:59:26Z
dT7zTHOTxlI,市川市動植物園🐒💖 ベビーパンチくんへの愛情がすごい…世界も驚く感動の瞬間✨,137486,2796,14,宮越パパ大丈夫ですか？少し体調が悪いのでは。パンチ、パパは今日少しダウンだから優しくしてあげないとね。,14,2026-06-18T11:27:55Z
dT7zTHOTxlI,市川市動植物園🐒💖 ベビーパンチくんへの愛情がすごい…世界も驚く感動の瞬間✨,137486,2796,14,パンチ君の捕まり方が 笑笑    マフラー？ 片足が 肩を跨いでる！🤣❤❤❤   パンチ君『おちないから イエーイ 』👍💓😊  飼育員さん  お疲れ様です☺休養は  取れていますでしょうか！😊ご自愛くださいね〜💕,25,2026-06-17T09:14:06Z
dT7zTHOTxlI,市川市動植物園🐒💖 ベビーパンチくんへの愛情がすごい…世界も驚く感動の瞬間✨,137486,2796,14,今日はバイバイしないの,8,2026-06-17T23:46:21Z
ETrg3YNAxYQ,"パンチくん日記【2026年6月20日撮影】赤ちゃん大接近 市川市動植物園 Punch the monkey 【Punch the monkey's video in June 20, 2026】",34332,1494,192,丸くなって寝ている姿がまだ赤ちゃん、ギュッと抱きしめて手を出してくるお猿から守りたい,141,2026-06-20T08:05:29Z
ETrg3YNAxYQ,"パンチくん日記【2026年6月20日撮影】赤ちゃん大接近 市川市動植物園 Punch the monkey 【Punch the monkey's video in June 20, 2026】",34332,1494,192,誰か誰かパンチ抱きしめて！お願い😢,193,2026-06-20T06:39:43Z
ETrg3YNAxYQ,"パンチくん日記【2026年6月20日撮影】赤ちゃん大接近 市川市動植物園 Punch the monkey 【Punch the monkey's video in June 20, 2026】",34332,1494,192,"大人の猿がまだまだ小さなパンチくんを攻撃するのは許し難いです。
飼育員のお兄さん方に抱きついているパンチくんを見ると、まだ身体も小さいんだなぁというふうに感じます。
それなのに...
パンチくんは本当に頑張って生きていますね🥹",52,2026-06-20T11:41:28Z
ETrg3YNAxYQ,"パンチくん日記【2026年6月20日撮影】赤ちゃん大接近 市川市動植物園 Punch the monkey 【Punch the monkey's video in June 20, 2026】",34332,1494,192,"切ない😭切ない😭
1人ぼっちで岩陰にもたれて、ただ寝てただけなのに、理不尽に怒られて。パンチくんの悔しくて悲しい思い、痛いほど伝わってきます😭😭
パンチくんを誰か抱きしめてあげて。",94,2026-06-20T09:39:10Z
ETrg3YNAxYQ,"パンチくん日記【2026年6月20日撮影】赤ちゃん大接近 市川市動植物園 Punch the monkey 【Punch the monkey's video in June 20, 2026】",34332,1494,192,パンチ君、災難だったね😭　じっと１人でおとなしく寝ていただけなのに🥵　その後遊び始めたけど、何だか切なく見えてしまった😔,142,2026-06-20T08:03:44Z
ETrg3YNAxYQ,"パンチくん日記【2026年6月20日撮影】赤ちゃん大接近 市川市動植物園 Punch the monkey 【Punch the monkey's video in June 20, 2026】",34332,1494,192,猿山から下ってくる時、お友達がママに抱かれてるのをチラッと見、降りて大人の猿の横にピタッとくっついてみたけど去られて、、、「誰かパンチ君を抱きしめてあげて」っていうコメント見て、そうなのよねって思いました。その後、岩陰で独り寝なんだもの。挙句に赤ちゃんのママに何もしてないのに叱られてる。余りに可哀想すぎます。,157,2026-06-20T07:55:32Z
ETrg3YNAxYQ,"パンチくん日記【2026年6月20日撮影】赤ちゃん大接近 市川市動植物園 Punch the monkey 【Punch the monkey's video in June 20, 2026】",34332,1494,192,"今日は流石に涙が出ました😭　矢張り母親が居ないと、こう言う事何ですね　　1人ボッチ君　頑張パンチ👊
みんなが応援しているよ!!",43,2026-06-20T12:22:26Z
ETrg3YNAxYQ,"パンチくん日記【2026年6月20日撮影】赤ちゃん大接近 市川市動植物園 Punch the monkey 【Punch the monkey's video in June 20, 2026】",34332,1494,192,パンチ君辛かったね、何もしてないのに叩かれてつらそうです😢涙が出ます。お願いです、抱きしめてあげて涙が出ます。,161,2026-06-20T07:09:17Z
ETrg3YNAxYQ,"パンチくん日記【2026年6月20日撮影】赤ちゃん大接近 市川市動植物園 Punch the monkey 【Punch the monkey's video in June 20, 2026】",34332,1494,192,観客のお母さん達が怒ってんの、皆共有。可愛さと理不尽と不憫と。,118,2026-06-20T08:27:22Z
ETrg3YNAxYQ,"パンチくん日記【2026年6月20日撮影】赤ちゃん大接近 市川市動植物園 Punch the monkey 【Punch the monkey's video in June 20, 2026】",34332,1494,192,"痛い目に遭って、パンチくん可哀想😢
最近昼間にウトウトしている映像が増えてきているので、暑さが関係しているのかもしれませんが、夜はぐっすり眠れているのかしら？虐められていないかしら？と心配になります…

安全な場所でパンチくんが元気でいること！これが私の、そして皆んなの願いよ🙏🍀
負けないで、パンチくん❣️",48,2026-06-20T08:50:45Z
ETrg3YNAxYQ,"パンチくん日記【2026年6月20日撮影】赤ちゃん大接近 市川市動植物園 Punch the monkey 【Punch the monkey's video in June 20, 2026】",34332,1494,192,"産まれた小猿達は母親や仲間達に守られて大きくなって
行くんだろうね！パンチの事が心配です。強いパンチに
なるんだよ🐒🍀",28,2026-06-20T10:51:31Z
ETrg3YNAxYQ,"パンチくん日記【2026年6月20日撮影】赤ちゃん大接近 市川市動植物園 Punch the monkey 【Punch the monkey's video in June 20, 2026】",34332,1494,192,どういう角度から見てもパンチ君は1ミリも悪くないのにこれはかわいそう🥺,24,2026-06-20T13:40:28Z
ETrg3YNAxYQ,"パンチくん日記【2026年6月20日撮影】赤ちゃん大接近 市川市動植物園 Punch the monkey 【Punch the monkey's video in June 20, 2026】",34332,1494,192,"温もりが欲しいとねパンチ君
影で熟睡してる姿が寂しかったよ
子供を守るママの攻撃はちょっと辛かった
パンチ君悪くないの声切ない
でもその後は立ち直って遊んでるのを見て安心しました
まだまだ試練があるんだろうなぁ",148,2026-06-20T06:48:43Z
ETrg3YNAxYQ,"パンチくん日記【2026年6月20日撮影】赤ちゃん大接近 市川市動植物園 Punch the monkey 【Punch the monkey's video in June 20, 2026】",34332,1494,192,本当ですよ😭パンチは❔寂しく、一人で、寝ていたのに、赤ちゃんが、来て、お母さんに、起こられて、最悪だよね😭モミちゃん、側にいてあげて🙇可愛そうで、胸が、痛みますよ😭,22,2026-06-20T11:51:38Z
ETrg3YNAxYQ,"パンチくん日記【2026年6月20日撮影】赤ちゃん大接近 市川市動植物園 Punch the monkey 【Punch the monkey's video in June 20, 2026】",34332,1494,192,ตั้งแต่มีลูกลิงเกิดใหม่เยอะๆ พั้นช์ใช้ชีวิตลำบากมากขึ้น ไปทางไหนก็มีแต่ลูกลิงและแม่ลิง การไม่มีแม่คอยปกป้องช่างโหดร้ายมากๆ,55,2026-06-20T07:26:36Z
ETrg3YNAxYQ,"パンチくん日記【2026年6月20日撮影】赤ちゃん大接近 市川市動植物園 Punch the monkey 【Punch the monkey's video in June 20, 2026】",34332,1494,192,理不尽過ぎて泣けます。パンチ君は悪くない‼️母猿が憎たらしい。どうしてパンチ君をあんなに怒るの？赤ちゃんをよく見ていなさいよ‼️ヒステリックな母猿。(感情的になってます！)人間界でもある理不尽さ、パンチ君は、切り替えが早いから大丈夫だね。パンチ君を見習わなくちゃ。,29,2026-06-20T10:16:12Z
ETrg3YNAxYQ,"パンチくん日記【2026年6月20日撮影】赤ちゃん大接近 市川市動植物園 Punch the monkey 【Punch the monkey's video in June 20, 2026】",34332,1494,192,"独りぼっちでおとなしく眠ってるパンチに何でそんな酷いことする❓大人猿の中にはまだパンチは得体の知れない怪しい子猿という不信感を持ってる個体がいるのかな…😢
こういう理不尽を乗り越えて強くなるようがんばれパンチ❗世界中のファンがパンチの味方だからね〜😉✨",25,2026-06-20T09:33:41Z
ETrg3YNAxYQ,"パンチくん日記【2026年6月20日撮影】赤ちゃん大接近 市川市動植物園 Punch the monkey 【Punch the monkey's video in June 20, 2026】",34332,1494,192,"座って、赤ちゃんが来たのを見てだだけで、これは酷い。

パンチ君🐒💛辛かったね。赤ちゃん猿はパンチ君🐒💛が優しいのと安心と思ってそばに行くと思うので。
お母さん猿は
パンチ君🐒💛をひっかくより、
赤ちゃん猿をちゃんと面倒みたり
躾した方が思います。

アスレチックしたり、仲間のお猿さんと遊ぶ様子が
見れて安心しました✨💛✨",49,2026-06-20T08:02:54Z
ETrg3YNAxYQ,"パンチくん日記【2026年6月20日撮影】赤ちゃん大接近 市川市動植物園 Punch the monkey 【Punch the monkey's video in June 20, 2026】",34332,1494,192,"岩もたれて寝てる
パンチくん😴
可愛い՞⸝⸝>  ̫ <⸝⸝՞👍🏻💞",67,2026-06-20T07:00:27Z
ETrg3YNAxYQ,"パンチくん日記【2026年6月20日撮影】赤ちゃん大接近 市川市動植物園 Punch the monkey 【Punch the monkey's video in June 20, 2026】",34332,1494,192,"พี่พันช์น่าสงสาร!!🥹น้องลิงอยากเล่นด้วย🐒❤️🐒
ทำไมแม่ลิงดุจัง🥺",35,2026-06-20T08:32:40Z
ETrg3YNAxYQ,"パンチくん日記【2026年6月20日撮影】赤ちゃん大接近 市川市動植物園 Punch the monkey 【Punch the monkey's video in June 20, 2026】",34332,1494,192,"我昨天看了另一個影片
片中Punch-kun被一隻獼猴媽媽咬了手臂
所以當他被小寶寶弄醒後又看到猴媽媽
肯定會想起之前被咬的狀況
所以反應那麼激烈
真的是可憐的孩子...",31,2026-06-20T08:05:18Z
ETrg3YNAxYQ,"パンチくん日記【2026年6月20日撮影】赤ちゃん大接近 市川市動植物園 Punch the monkey 【Punch the monkey's video in June 20, 2026】",34332,1494,192,혼자 자고있는것도 안쓰러운데 이게 무슨 봉변이야?? 정말 화난다. 펀치 좀 때리지마!!,31,2026-06-20T08:43:16Z
ETrg3YNAxYQ,"パンチくん日記【2026年6月20日撮影】赤ちゃん大接近 市川市動植物園 Punch the monkey 【Punch the monkey's video in June 20, 2026】",34332,1494,192,パンチ😰❤️‍🩹🫂悔しいね理不尽だね許せないね…強くなれ最強になれっ❤️‍🔥💪🫂人気者世界のPunchの存在がきっかけで園に納付金4300万円納付されたんだから堂々としてなっ💪。🐒パンチの幸せを皆お祈りし大切に見守ってるよ🫂🥰🙏,44,2026-06-20T08:38:49Z
ETrg3YNAxYQ,"パンチくん日記【2026年6月20日撮影】赤ちゃん大接近 市川市動植物園 Punch the monkey 【Punch the monkey's video in June 20, 2026】",34332,1494,192,"もう見たくないパンチ君の寂しそうな顔
ママはどこにいるの？
他の母猿のように守ってください",7,2026-06-20T13:24:03Z
ETrg3YNAxYQ,"パンチくん日記【2026年6月20日撮影】赤ちゃん大接近 市川市動植物園 Punch the monkey 【Punch the monkey's video in June 20, 2026】",34332,1494,192,"赤ちゃんが沢山産まれてからパンチ君に対する状況が少しずつ変わって来ているように感じます。
大人のお猿さん達以前のようにパンチ君を側にいさせて温もりを感じさせてあげて下さい。
パンチ君がこれ以上寂しい思いをしませんように願ってます。",76,2026-06-20T08:21:41Z
ETrg3YNAxYQ,"パンチくん日記【2026年6月20日撮影】赤ちゃん大接近 市川市動植物園 Punch the monkey 【Punch the monkey's video in June 20, 2026】",34332,1494,192,赤ちゃんサルはパンチ君がやさいいのが分かっているから近づきたいんだけど、子持ちの母親はどんな動物でも神経質なのでとんだとばっちりを受けてしまいましたね。でも赤ちゃんサルの仲間達が大きくなるとパンチ君を慕って仲良くなってくれるんじゃないかなと思います。,12,2026-06-20T11:34:41Z
ETrg3YNAxYQ,"パンチくん日記【2026年6月20日撮影】赤ちゃん大接近 市川市動植物園 Punch the monkey 【Punch the monkey's video in June 20, 2026】",34332,1494,192,これはパンチ可哀想💦💦折角良い夢見てたのに😂赤ちゃんはパンチくんに甘えに行ったみたいだけど…お陰でトバッチリくらっちゃたね🤣🤣,67,2026-06-20T06:59:16Z
ETrg3YNAxYQ,"パンチくん日記【2026年6月20日撮影】赤ちゃん大接近 市川市動植物園 Punch the monkey 【Punch the monkey's video in June 20, 2026】",34332,1494,192,1人で寝てる。大人の階段登っています。ガンバレパンチ君。,21,2026-06-20T09:55:03Z
ETrg3YNAxYQ,"パンチくん日記【2026年6月20日撮影】赤ちゃん大接近 市川市動植物園 Punch the monkey 【Punch the monkey's video in June 20, 2026】",34332,1494,192,"punch受到驚嚇後，掛在門上，想看看哥哥會不會出現求抱抱😂😂，園方能不能創造punch跟親媽重複相處的機會，讓punch在溫暖固定的懷抱中，慢慢長大
不然看到punch見到成年猴就跑，想找小姐姐玩，又被丸爺爺制止，自己想抓抓樹枝跑圈圈又受阻受阻，看得我真心碎了💔",8,2026-06-20T13:22:44Z
ETrg3YNAxYQ,"パンチくん日記【2026年6月20日撮影】赤ちゃん大接近 市川市動植物園 Punch the monkey 【Punch the monkey's video in June 20, 2026】",34332,1494,192,"何故いつも1人ぽっちになるのでしょう。何も悪くないのに😢
あんな可哀想な顔見たくないです。パンチ君大丈夫？もっと大変な事になりません様に祈ってます。パンチ君辛かったね💦毎日頑張っているのに。応援しているからね。きっと幸せになれるからね😢",38,2026-06-20T09:34:31Z
ETrg3YNAxYQ,"パンチくん日記【2026年6月20日撮影】赤ちゃん大接近 市川市動植物園 Punch the monkey 【Punch the monkey's video in June 20, 2026】",34332,1494,192,パンチくん頑張れ！！,9,2026-06-20T12:44:05Z
ETrg3YNAxYQ,"パンチくん日記【2026年6月20日撮影】赤ちゃん大接近 市川市動植物園 Punch the monkey 【Punch the monkey's video in June 20, 2026】",34332,1494,192,"１人で眠るパンチくんめちゃくちゃかわいい😍
近づく赤ちゃんもかわいい👶
ママこわい😅
💩ももれるわ💦",49,2026-06-20T07:25:11Z
ETrg3YNAxYQ,"パンチくん日記【2026年6月20日撮影】赤ちゃん大接近 市川市動植物園 Punch the monkey 【Punch the monkey's video in June 20, 2026】",34332,1494,192,世の中の理不尽に怒り😂ですね～。😢頑張れパンチ君ー!！,26,2026-06-20T10:23:15Z
ETrg3YNAxYQ,"パンチくん日記【2026年6月20日撮影】赤ちゃん大接近 市川市動植物園 Punch the monkey 【Punch the monkey's video in June 20, 2026】",34332,1494,192,これからも、赤ちゃんと、中々、遊べないよね😭お母さんが、攻撃してくるんじゃあ、怖くてね😭可愛そう😭,10,2026-06-20T12:00:05Z
ETrg3YNAxYQ,"パンチくん日記【2026年6月20日撮影】赤ちゃん大接近 市川市動植物園 Punch the monkey 【Punch the monkey's video in June 20, 2026】",34332,1494,192,It's so hard to watch..😢 Hearing darling Punch’s desperate cries and witnessing his fear n helplessness is enough to bring tears to my eyes. 🥺😢💔,25,2026-06-20T09:04:00Z
ETrg3YNAxYQ,"パンチくん日記【2026年6月20日撮影】赤ちゃん大接近 市川市動植物園 Punch the monkey 【Punch the monkey's video in June 20, 2026】",34332,1494,192,岩に寄りかかってねてたのに赤ちゃん寄ってきてお母さんに怒られマ・・・かわいそう  胸が痛い,4,2026-06-20T20:06:17Z
ETrg3YNAxYQ,"パンチくん日記【2026年6月20日撮影】赤ちゃん大接近 市川市動植物園 Punch the monkey 【Punch the monkey's video in June 20, 2026】",34332,1494,192,"パンチ君、居眠りしてたら、赤ちゃんが来ただけで、ママから怒られるのは、納得いかないよね。
赤ちゃんを育ててるママさんたちは、おっぱいあげるために、ホルモンが出るんだけど、赤ちゃんをしっかり守りたい気持ちから攻撃的になってしまうんだよ。優しいおばさんも、なぜかみんなそうなるの。
パンチ君はびっくりして逃げて正解。納得いかないよね。
赤ちゃんとも、いつか遊びたいよね。
ママ達のご機嫌がいつも悪いのではないからね。赤ちゃん達とも遊んでね。くっついていいか、逃げたらいいか難しいね。",33,2026-06-20T07:34:03Z
ETrg3YNAxYQ,"パンチくん日記【2026年6月20日撮影】赤ちゃん大接近 市川市動植物園 Punch the monkey 【Punch the monkey's video in June 20, 2026】",34332,1494,192,I truly believe mommy is giving a teaching moment to her little one on their hierarchy in the troop. POOR PUNCH😢. IT'S A CRUEL WORLD OUT THERE.😢😢,8,2026-06-20T18:38:25Z
ETrg3YNAxYQ,"パンチくん日記【2026年6月20日撮影】赤ちゃん大接近 市川市動植物園 Punch the monkey 【Punch the monkey's video in June 20, 2026】",34332,1494,192,Who else cried through this very difficult video? He is back to being abused to loneliness since all the babies were born.  It even seems that his little friends are getting rougher with him. There are way too many monkeys in this small enclosure and they are all mean.,8,2026-06-20T13:50:15Z
ETrg3YNAxYQ,"パンチくん日記【2026年6月20日撮影】赤ちゃん大接近 市川市動植物園 Punch the monkey 【Punch the monkey's video in June 20, 2026】",34332,1494,192,"My sweetie Punch, you are the one and only.🔝💥🐒🔝
Don't give up, you are still just a baby, everything will be O. K.
My beautiful and gentle soul, love you forever.💙🐒😍😘💙",20,2026-06-20T08:30:10Z
ETrg3YNAxYQ,"パンチくん日記【2026年6月20日撮影】赤ちゃん大接近 市川市動植物園 Punch the monkey 【Punch the monkey's video in June 20, 2026】",34332,1494,192,Poor Punch just sleeping quitely and the baby and mother invaded his area of peace and now Mother gets mad at Punch...how dare..they are the one in the wrong.,11,2026-06-20T12:52:11Z
ETrg3YNAxYQ,"パンチくん日記【2026年6月20日撮影】赤ちゃん大接近 市川市動植物園 Punch the monkey 【Punch the monkey's video in June 20, 2026】",34332,1494,192,"Poor little Punch😢. He tried to nap with that group of monkeys, thinking they allowed him to before. But he doesn't realize it's not an open invitation. Then he curls up all alone against the hard rocky wall and naps, sucking on a tiny stick (probably copying the other suckling babies). I had tears in my eyes seeing how lonely he was, how he's had to bear it once he was put into the enclosure. And then, when that baby approached him, i thought oh no, this isn't going to end well as the mothers are there. And true enough, Punch got startled awake and half asleep, had that screeching banshee attack him (when she should have been keeping a watch on her baby!). Punch was so terrified, he pooped in fear! So he genuinely was frightened! Thankfully, he seems to have recovered later on. But he's mostly alone these days. My darling baby, what a stressful life. I pray you grow as big as Atomaru and as powerful as Akira so that no one picks on you anymore.",22,2026-06-20T08:14:03Z
ETrg3YNAxYQ,"パンチくん日記【2026年6月20日撮影】赤ちゃん大接近 市川市動植物園 Punch the monkey 【Punch the monkey's video in June 20, 2026】",34332,1494,192,脱糞するぐらい怖かったんだね,7,2026-06-20T12:48:49Z
ETrg3YNAxYQ,"パンチくん日記【2026年6月20日撮影】赤ちゃん大接近 市川市動植物園 Punch the monkey 【Punch the monkey's video in June 20, 2026】",34332,1494,192,"パンチ君孤独感あり。
なかなか、上手に輪の中に入れないね。いつも、オドオドしてる。
いつも、寂しそう。
攻撃されて、ばかり。
胸が痛む。涙が出ます。",64,2026-06-20T07:59:17Z
ETrg3YNAxYQ,"パンチくん日記【2026年6月20日撮影】赤ちゃん大接近 市川市動植物園 Punch the monkey 【Punch the monkey's video in June 20, 2026】",34332,1494,192,"Punch was awake from his sleep and confused, he just show his teeth for a few seconds, it was a normal reaction when your sleep was disturbed by something unexpected. When he disturbed another monkeys: he got scolded. Now another disturbed him, he got hit. So in another word: he cant do anything right in their eyes😪💔",11,2026-06-20T12:07:55Z
ETrg3YNAxYQ,"パンチくん日記【2026年6月20日撮影】赤ちゃん大接近 市川市動植物園 Punch the monkey 【Punch the monkey's video in June 20, 2026】",34332,1494,192,"Nothing is your fault, Punchi. You are doing such a great job, and we are so proud of you. We love you very much and will always be cheering you on.❤️❤️❤️❤️❤️❤️❤️❤️❤️🙏",10,2026-06-20T10:17:30Z
ETrg3YNAxYQ,"パンチくん日記【2026年6月20日撮影】赤ちゃん大接近 市川市動植物園 Punch the monkey 【Punch the monkey's video in June 20, 2026】",34332,1494,192,"Punch não tem proteção. E também não respeitam o seu espaço. Nem dormir sozinho é possível...😢
🇧🇷💖🐒",12,2026-06-20T11:46:36Z
ETrg3YNAxYQ,"パンチくん日記【2026年6月20日撮影】赤ちゃん大接近 市川市動植物園 Punch the monkey 【Punch the monkey's video in June 20, 2026】",34332,1494,192,Why did you hit Punch-kun? He was just sleeping peacefully. 🥺🥺🥺,6,2026-06-20T15:08:55Z
ETrg3YNAxYQ,"パンチくん日記【2026年6月20日撮影】赤ちゃん大接近 市川市動植物園 Punch the monkey 【Punch the monkey's video in June 20, 2026】",34332,1494,192,"Have a nice day Punchi, enjoy your playground❤",16,2026-06-20T08:08:07Z
ETrg3YNAxYQ,"パンチくん日記【2026年6月20日撮影】赤ちゃん大接近 市川市動植物園 Punch the monkey 【Punch the monkey's video in June 20, 2026】",34332,1494,192,"아기 어미사건 후 끊기지 않고 촬영해 주셔서 너무 고맙습니다
요새 혼자있는 시간이
길어 걱정입니다
펀치야 사랑해~
화이팅🐒🫰😍💜🙆‍♂️🐵",33,2026-06-20T06:31:51Z
ETrg3YNAxYQ,"パンチくん日記【2026年6月20日撮影】赤ちゃん大接近 市川市動植物園 Punch the monkey 【Punch the monkey's video in June 20, 2026】",34332,1494,192,Why doesn't Punch play with his friends anymore? They used to groom him all the time. Now he looks sad and lonely.,11,2026-06-20T11:52:21Z
ETrg3YNAxYQ,"パンチくん日記【2026年6月20日撮影】赤ちゃん大接近 市川市動植物園 Punch the monkey 【Punch the monkey's video in June 20, 2026】",34332,1494,192,"As always, thank you very much for your efforts and hard work...thank you for focusing only on Punch...life is so hard for Punch especially that he has no mother to protect him and cuddle with but very thankful that he is so resilient...luvs you Punch the most Adorable.",8,2026-06-20T14:39:46Z
ETrg3YNAxYQ,"パンチくん日記【2026年6月20日撮影】赤ちゃん大接近 市川市動植物園 Punch the monkey 【Punch the monkey's video in June 20, 2026】",34332,1494,192,"Oh, i forgot to thank you for your constant videos. They are excellent. I always watch out for them!",12,2026-06-20T08:17:03Z
ETrg3YNAxYQ,"パンチくん日記【2026年6月20日撮影】赤ちゃん大接近 市川市動植物園 Punch the monkey 【Punch the monkey's video in June 20, 2026】",34332,1494,192,에고 벽에 기대서 자네ㅜㅜ 펀치도 엄마품에서  편하게  잤으면  얼마나좋을까ㅜㅜ펀치 힘내자!!화이팅,17,2026-06-20T08:11:53Z
ETrg3YNAxYQ,"パンチくん日記【2026年6月20日撮影】赤ちゃん大接近 市川市動植物園 Punch the monkey 【Punch the monkey's video in June 20, 2026】",34332,1494,192,"Fue una tontería, pero estaba medio dormido y no entendía nada. Tuvo tanto miedo que se hizo caca mientras gritaba! 😥 Eso me impactó, sin dudas los regaños lo afectan demasiado! Es un bebé aún...",18,2026-06-20T08:29:29Z
ETrg3YNAxYQ,"パンチくん日記【2026年6月20日撮影】赤ちゃん大接近 市川市動植物園 Punch the monkey 【Punch the monkey's video in June 20, 2026】",34332,1494,192,"Before he was even fully awake, the baby monkey was already beside him, making it impossible to immediately escape. Every time the baby monkey burrowed into Punch's arms, Punch would dodge to avoid being punished by his mother. Punch screamed, his face turned red, and he even pooped. Punch was truly terrified. Does he understand what it means to be a baby without a mother's protection?",6,2026-06-20T13:19:56Z
ETrg3YNAxYQ,"パンチくん日記【2026年6月20日撮影】赤ちゃん大接近 市川市動植物園 Punch the monkey 【Punch the monkey's video in June 20, 2026】",34332,1494,192,The baby monkey loves to play with older brother Punch-kun.🥺🥺🥺,6,2026-06-20T15:12:22Z
ETrg3YNAxYQ,"パンチくん日記【2026年6月20日撮影】赤ちゃん大接近 市川市動植物園 Punch the monkey 【Punch the monkey's video in June 20, 2026】",34332,1494,192,🟠ｵﾚﾝｼﾞﾎﾞｰﾙに乗ったパンチくん久しぶりに見たけどﾋﾞｯｸﾘ😲‼️大きくなったね🐵🤎,6,2026-06-20T09:03:08Z
ETrg3YNAxYQ,"パンチくん日記【2026年6月20日撮影】赤ちゃん大接近 市川市動植物園 Punch the monkey 【Punch the monkey's video in June 20, 2026】",34332,1494,192,"Thank you for the latest video, super shots, such a shame that the mother reacted like that, poor Punch was just sleeping, but Punch moved on from the episode.",6,2026-06-20T11:04:51Z
ETrg3YNAxYQ,"パンチくん日記【2026年6月20日撮影】赤ちゃん大接近 市川市動植物園 Punch the monkey 【Punch the monkey's video in June 20, 2026】",34332,1494,192,It is a cruel world in both the humans and animals kingdom!!!,7,2026-06-20T14:20:33Z
ETrg3YNAxYQ,"パンチくん日記【2026年6月20日撮影】赤ちゃん大接近 市川市動植物園 Punch the monkey 【Punch the monkey's video in June 20, 2026】",34332,1494,192,Punchi kun is so cute on his daddy’s shouder. It always breaks my heart seeing him being bullied when he has done nothing wrong! Stay away from those babies Punch kun,3,2026-06-20T21:51:34Z
ETrg3YNAxYQ,"パンチくん日記【2026年6月20日撮影】赤ちゃん大接近 市川市動植物園 Punch the monkey 【Punch the monkey's video in June 20, 2026】",34332,1494,192,"Thank you for your sharing this video  , baby Punch 😴 alone, he is innocent 😢",2,2026-06-21T00:20:05Z
ETrg3YNAxYQ,"パンチくん日記【2026年6月20日撮影】赤ちゃん大接近 市川市動植物園 Punch the monkey 【Punch the monkey's video in June 20, 2026】",34332,1494,192,"Punch sleeps alone, leaning against a rock but with the obligatory straw in his mouth! I love him boundlessly and I follow clips from Serbia!😘😘😘",7,2026-06-20T10:01:51Z
ETrg3YNAxYQ,"パンチくん日記【2026年6月20日撮影】赤ちゃん大接近 市川市動植物園 Punch the monkey 【Punch the monkey's video in June 20, 2026】",34332,1494,192,And why was he attacked by the baby's mother when the baby alone approached Pancho while he was sleeping. Just heartbreaking! It really worries me that mothers of babies attack him for no reason.🤔,11,2026-06-20T10:06:34Z
ETrg3YNAxYQ,"パンチくん日記【2026年6月20日撮影】赤ちゃん大接近 市川市動植物園 Punch the monkey 【Punch the monkey's video in June 20, 2026】",34332,1494,192,Punch makin ganteng ajah...🫶🫶🫶🥰🥰🥰🥰🥰♥️♥️♥️...the most handsome baby Macaque in the whole world only Punch-kun 😬😬🫶🫶🫶,7,2026-06-20T12:06:31Z
ETrg3YNAxYQ,"パンチくん日記【2026年6月20日撮影】赤ちゃん大接近 市川市動植物園 Punch the monkey 【Punch the monkey's video in June 20, 2026】",34332,1494,192,Where is momiage and moe chan,6,2026-06-20T14:33:34Z
ETrg3YNAxYQ,"パンチくん日記【2026年6月20日撮影】赤ちゃん大接近 市川市動植物園 Punch the monkey 【Punch the monkey's video in June 20, 2026】",34332,1494,192,"Vocês podem  deixar Punch em Paz ele estava a dormir tão sossegado tão bem o Bébé foi ter  com ele e o Punch não fez nada mal ao Bébé a Mãe foi logo atacar o Punch e a Mãe estava tão perto não consegues ver que o Punch não tem culpa a Mãe do Bébé deve ter problemas nos olhos é melhor is ao Oftalmologia e a Mãe não sabe educar a ti própria como vai educar os filhos. Meu coração Punch eu sempre te apoiarei. Punch és um macaco muito especial, bem educado, adorável,  fofo e cheios de amores ❤❤❤❤❤❤❤❤❤❤",18,2026-06-20T08:30:44Z
ETrg3YNAxYQ,"パンチくん日記【2026年6月20日撮影】赤ちゃん大接近 市川市動植物園 Punch the monkey 【Punch the monkey's video in June 20, 2026】",34332,1494,192,Verle asi dormidito es tan indefenso 😢😢mi pequeño,6,2026-06-20T13:38:18Z
ETrg3YNAxYQ,"パンチくん日記【2026年6月20日撮影】赤ちゃん大接近 市川市動植物園 Punch the monkey 【Punch the monkey's video in June 20, 2026】",34332,1494,192,Punch ha bisogno di dormire. Il suo sonno non è tranquillo perché sempre in pericolo. Solo con nonno Atomaru riposa un po' perché si sente al sicuro😢,7,2026-06-20T12:57:22Z
ETrg3YNAxYQ,"パンチくん日記【2026年6月20日撮影】赤ちゃん大接近 市川市動植物園 Punch the monkey 【Punch the monkey's video in June 20, 2026】",34332,1494,192,"ถึง 🐒 ปันจิ ลูกรัก ❤
..แม่เป็นกำลังใจให้ 🐒 ปันจิ ลูกจะต้องมีจิตใจที่เข้มแข็ง มีสติปัญญาเฉลียวฉลาด สามารถแก้ปัญหาที่เกิดขึ้นได้ แม่รู้ว่า 🐒 ปันจิ ทำได้
❤ รักลูก🐒 
จดหมายจากแม่ 🤱",15,2026-06-20T07:14:24Z
ETrg3YNAxYQ,"パンチくん日記【2026年6月20日撮影】赤ちゃん大接近 市川市動植物園 Punch the monkey 【Punch the monkey's video in June 20, 2026】",34332,1494,192,"9.40寝ているパンチくん🐒の元に赤ちゃんがそして何もしていないのにママがいきなり怒りだし
あまりにもひどいな〜ママ！😟",3,2026-06-20T16:56:14Z
ETrg3YNAxYQ,"パンチくん日記【2026年6月20日撮影】赤ちゃん大接近 市川市動植物園 Punch the monkey 【Punch the monkey's video in June 20, 2026】",34332,1494,192,"パンチのとこに来た赤ちゃんに対して、先にパンチがちょっと怒ったから、何かされるかもと赤ちゃんママが先に攻撃してるように見えますね。
寝てるとこ起こされたら怒りたくもなるね😅😅
びっくりして💩出ちゃったね💦
サクラ、キビ、息子のパンチを守ってー🤭💖💖",3,2026-06-20T10:50:20Z
ETrg3YNAxYQ,"パンチくん日記【2026年6月20日撮影】赤ちゃん大接近 市川市動植物園 Punch the monkey 【Punch the monkey's video in June 20, 2026】",34332,1494,192,"パンチ間が安心してのびのびと過ごせる新しい猿山になってほしい。母親になっても子猿を攻撃する、わかりますがそんな理不尽な世界にいてほしく無いです。
新しいパンチくんのための猿山を作ってほしい。
応援してる人が多いんだから。
それでは意味がないかもしれないですが、耐えれません。",19,2026-06-20T11:42:02Z
ETrg3YNAxYQ,"パンチくん日記【2026年6月20日撮影】赤ちゃん大接近 市川市動植物園 Punch the monkey 【Punch the monkey's video in June 20, 2026】",34332,1494,192,"Le hace falta el abuelo Sotomaru, no lo he visto más. 
Alguien sabe si está bien ?",3,2026-06-20T17:44:03Z
ETrg3YNAxYQ,"パンチくん日記【2026年6月20日撮影】赤ちゃん大接近 市川市動植物園 Punch the monkey 【Punch the monkey's video in June 20, 2026】",34332,1494,192,"펀치가오늘좀힘들어보이네요..자다가너무놀랬는지
똥을쌌어요..엄마품에서자야되는데요..여기저기.안식처를찾는거같은데.쉽지가않나봐요~",6,2026-06-20T15:31:47Z
ETrg3YNAxYQ,"パンチくん日記【2026年6月20日撮影】赤ちゃん大接近 市川市動植物園 Punch the monkey 【Punch the monkey's video in June 20, 2026】",34332,1494,192,😮😢 gracias por el vídeo,3,2026-06-20T17:32:29Z
ETrg3YNAxYQ,"パンチくん日記【2026年6月20日撮影】赤ちゃん大接近 市川市動植物園 Punch the monkey 【Punch the monkey's video in June 20, 2026】",34332,1494,192,LOVE YOU PUNCH ❤ THANK YOU FOR THIS VIDEO ❤,21,2026-06-20T06:21:29Z
ETrg3YNAxYQ,"パンチくん日記【2026年6月20日撮影】赤ちゃん大接近 市川市動植物園 Punch the monkey 【Punch the monkey's video in June 20, 2026】",34332,1494,192,ลูกลิงมาทำให้พั้นช์ตื่น 😢 เขากำลังนอนไม่มีใครกวน ขนาดปู่ยังนอนเฝ้าหลานใกล้ๆ 😢🥺😡,4,2026-06-20T11:25:02Z
ETrg3YNAxYQ,"パンチくん日記【2026年6月20日撮影】赤ちゃん大接近 市川市動植物園 Punch the monkey 【Punch the monkey's video in June 20, 2026】",34332,1494,192,"Thank you for the video. Please can I make a huge request asked very respectfully… would it be possible to put English in the captions in the video and in your  video description?  I can’t speak Japanese and I can’t use any translation tools on captions. I love watching Punch and I’d love to know what you are saying! Your film is very good but I miss being able to understand you. Punch has many friends all over the world and you would be helping us a lot. I’m so grateful that you can go to the zoo to film. I live so far away I don’t think I’ll ever be able to travel there, but I love watching daily videos of this sweet monkey. Thank you so much from a fellow Punch-Kuhn fan all the way over here in London!! ❤❤❤",6,2026-06-20T08:11:56Z
ETrg3YNAxYQ,"パンチくん日記【2026年6月20日撮影】赤ちゃん大接近 市川市動植物園 Punch the monkey 【Punch the monkey's video in June 20, 2026】",34332,1494,192,"Ele está com uma expressão de triste e apavorado, tadinho 😢",4,2026-06-20T20:27:30Z
ETrg3YNAxYQ,"パンチくん日記【2026年6月20日撮影】赤ちゃん大接近 市川市動植物園 Punch the monkey 【Punch the monkey's video in June 20, 2026】",34332,1494,192,23:19 Punch has done extremely risky situation 😂,11,2026-06-20T07:56:37Z
ETrg3YNAxYQ,"パンチくん日記【2026年6月20日撮影】赤ちゃん大接近 市川市動植物園 Punch the monkey 【Punch the monkey's video in June 20, 2026】",34332,1494,192,Hoy todo el día solito 😢 me parte el corazón.,4,2026-06-20T18:11:50Z
ETrg3YNAxYQ,"パンチくん日記【2026年6月20日撮影】赤ちゃん大接近 市川市動植物園 Punch the monkey 【Punch the monkey's video in June 20, 2026】",34332,1494,192,🥲😢😢,11,2026-06-20T07:51:46Z
ETrg3YNAxYQ,"パンチくん日記【2026年6月20日撮影】赤ちゃん大接近 市川市動植物園 Punch the monkey 【Punch the monkey's video in June 20, 2026】",34332,1494,192,"PUNCH ESTÁ MALITO!! 😢😮 TIENE DIARREA, se ve en este video!! Please Help It!",6,2026-06-20T13:05:19Z
ETrg3YNAxYQ,"パンチくん日記【2026年6月20日撮影】赤ちゃん大接近 市川市動植物園 Punch the monkey 【Punch the monkey's video in June 20, 2026】",34332,1494,192,Love you Punchi kun❤❤❤❤❤,21,2026-06-20T06:30:48Z
ETrg3YNAxYQ,"パンチくん日記【2026年6月20日撮影】赤ちゃん大接近 市川市動植物園 Punch the monkey 【Punch the monkey's video in June 20, 2026】",34332,1494,192,最近のお母さん猿達がヒステリックに見えます。パンチくんへのやつあたり的な攻撃はあんまりですね。何か群れの問題があるのでしょうかね。心配です。パンチくん頑張れ！,14,2026-06-20T10:24:39Z
ETrg3YNAxYQ,"パンチくん日記【2026年6月20日撮影】赤ちゃん大接近 市川市動植物園 Punch the monkey 【Punch the monkey's video in June 20, 2026】",34332,1494,192,Es verdaderamente preocupante el tema de los bebés. Algunas madres lo dejan jugar sin agredirlo. El imita lo que hace momiage y sus amigas. No me quiero imaginar qué pasaría si se le ocurre cargar un bebe y llevarselo😢. Sin hacer nada la madre lo agredió. El estaba dormido y el bebe fue el que se acercó. Qué estrés! Los monos adultos acosadores y las madres histéricas. Cuiden de Punchi kun por favor,4,2026-06-20T18:06:34Z
ETrg3YNAxYQ,"パンチくん日記【2026年6月20日撮影】赤ちゃん大接近 市川市動植物園 Punch the monkey 【Punch the monkey's video in June 20, 2026】",34332,1494,192,❤️❤️🐒❤️‍🩹❤️‍🩹❤️‍🩹,3,2026-06-20T14:50:40Z
ETrg3YNAxYQ,"パンチくん日記【2026年6月20日撮影】赤ちゃん大接近 市川市動植物園 Punch the monkey 【Punch the monkey's video in June 20, 2026】",34332,1494,192,"Under normal circumstance Punch should have routine afternoon naps in his mom's chest.  Instead, Punch naps are random, frequently interrupted and at the mercy of a good surrogate especially Atumaru, Oran-mama or alone. ❤❤❤❤",1,2026-06-20T23:02:10Z
ETrg3YNAxYQ,"パンチくん日記【2026年6月20日撮影】赤ちゃん大接近 市川市動植物園 Punch the monkey 【Punch the monkey's video in June 20, 2026】",34332,1494,192,Poor babe punchi 😢 ငါ့သားလေးက သူ့ဘာသာအိပ်နေတာ မျောက်ခလေးက punchi ကိုနှောက်ယှက်တယ် မျောက်မက punch ကိုဆွဲလုပ်တယ် 😢 babe punch ကို တစ်ခြားမျောက်တွေအနိုင်ယူဆွဲလုပ်တာမြင်ရတိုင်း ရင်နာရတယ် ဝမ်းနည်းရတယ် 💔😢 သူ့သဘာဝအတိုင်း punch က တစ်ယောက်တည်း ရပ်တည်နေရတာ😢 My babe son punch မှာဖက်ထားပေးမယ့် အမေမရှိဘူး 😢 punch လေးကိုချစ်ပြီးကာကွယ်ပေးထားတဲ့ သူ့ papa နှစ်ယောက်ပဲ ရှိတယ် 😢 My babe punch လဲ ကလေးပဲရှိသေးတယ် 10months old ပဲရှိသေးတယ် 😢 punchi မှာကာကွယ်ပေးတဲ့ အမေမရှိလို့ တစ်ခြားမျောက်တွေက punch ကိုဆွဲလုပ်ကြတယ် 😢,30,2026-06-20T06:56:54Z
ETrg3YNAxYQ,"パンチくん日記【2026年6月20日撮影】赤ちゃん大接近 市川市動植物園 Punch the monkey 【Punch the monkey's video in June 20, 2026】",34332,1494,192,❤❤❤❤❤❤,7,2026-06-20T07:39:45Z
ETrg3YNAxYQ,"パンチくん日記【2026年6月20日撮影】赤ちゃん大接近 市川市動植物園 Punch the monkey 【Punch the monkey's video in June 20, 2026】",34332,1494,192,The little baby is the male that he's been seen playing with on the branches.  I've called that one Taishi.   His mother has not been concerned before when he's been playing with Punch but maybe now she's getting jealous that he's going to him for cuddling... 😢,1,2026-06-20T18:57:27Z
ETrg3YNAxYQ,"パンチくん日記【2026年6月20日撮影】赤ちゃん大接近 市川市動植物園 Punch the monkey 【Punch the monkey's video in June 20, 2026】",34332,1494,192,😢那些帶娃的母猴太過份了！💔,26,2026-06-20T07:48:31Z
ETrg3YNAxYQ,"パンチくん日記【2026年6月20日撮影】赤ちゃん大接近 市川市動植物園 Punch the monkey 【Punch the monkey's video in June 20, 2026】",34332,1494,192,可哀想に　ただ寝ていただけなのに😢理不尽だね😣最近、モエちゃんとモミちゃん　パンチ君を助けに来てくれなくなったから　また１人になっちゃったね😢負けるな！パンチ君❤️💞✨,1,2026-06-20T16:26:31Z
ETrg3YNAxYQ,"パンチくん日記【2026年6月20日撮影】赤ちゃん大接近 市川市動植物園 Punch the monkey 【Punch the monkey's video in June 20, 2026】",34332,1494,192,Thanks a lot🙏🙏,14,2026-06-20T06:28:21Z
ETrg3YNAxYQ,"パンチくん日記【2026年6月20日撮影】赤ちゃん大接近 市川市動植物園 Punch the monkey 【Punch the monkey's video in June 20, 2026】",34332,1494,192,good to see him sleeping peacefully,12,2026-06-20T06:43:21Z
ETrg3YNAxYQ,"パンチくん日記【2026年6月20日撮影】赤ちゃん大接近 市川市動植物園 Punch the monkey 【Punch the monkey's video in June 20, 2026】",34332,1494,192,Mil gracias por este video de este sábado 20 gracias por mantenernos actualizados los momentos inolvidables de punc kun hoy sufrió un pequeño ataque de una mama pero gracias a Dios punch kun se recupero rapido del pequeño incidente  no fue culpa de nadie la mama del bebito se preocupo pensó que su hijito corría peligro pero mi angelito punch kun es aun un bebito estaba dormidito sin que nadie lo protegiera pero es muy inteligente le aplaudo es muy sabio cuando ve el peligro se aleja muy bien hecho mi pequeño punch kun un dia cuando sea mas grande podrás disfrutar tranquilamente de tu siesta me gusta cuando juegas sosteniendo la rama y dando vuelteretas te ves adorable y al final lograste quedarte dormidito junto a tu gran amigo sotomaru gracias Sotomaru por ser tolerante paciente y por permitir a punc kun dormir junto a ti eres un angel también Dios os cuide que linda imagen bendiciones❤❤❤❤❤❤,2,2026-06-20T13:32:26Z
ETrg3YNAxYQ,"パンチくん日記【2026年6月20日撮影】赤ちゃん大接近 市川市動植物園 Punch the monkey 【Punch the monkey's video in June 20, 2026】",34332,1494,192,"Não tem sossego pra comer,  não tem sossego pra brincar, não tem sossego nem pra dormir. Isso é um inferno .",17,2026-06-20T08:24:37Z
ETrg3YNAxYQ,"パンチくん日記【2026年6月20日撮影】赤ちゃん大接近 市川市動植物園 Punch the monkey 【Punch the monkey's video in June 20, 2026】",34332,1494,192,9:43 💩ぶりぶりやんけ,4,2026-06-20T19:03:43Z
ETrg3YNAxYQ,"パンチくん日記【2026年6月20日撮影】赤ちゃん大接近 市川市動植物園 Punch the monkey 【Punch the monkey's video in June 20, 2026】",34332,1494,192,Thanks for sharing! Love Punch ❤,18,2026-06-20T06:20:27Z
73Pp1i30cRk,自分のあいさつが不評かもと気づき始めたパンチくん。【パンチくん🐵】市川市動植物園 のニホンザル「パンチくん」Punch the monkey,12779,421,13,けどあの強さがパンチを守ってくれてる´д` ;,7,2026-06-21T09:16:32Z
73Pp1i30cRk,自分のあいさつが不評かもと気づき始めたパンチくん。【パンチくん🐵】市川市動植物園 のニホンザル「パンチくん」Punch the monkey,12779,421,13,❤🙋 Hello Everyone Happy Sunday Everyone Darling Punch Nice To See You With Friends Stay Strong and Healthy and Safe 💪 Protect Yourself 💪 Good Blessed All Thanks Nice Video ❤👏👍👋🫂,16,2026-06-21T08:10:17Z
73Pp1i30cRk,自分のあいさつが不評かもと気づき始めたパンチくん。【パンチくん🐵】市川市動植物園 のニホンザル「パンチくん」Punch the monkey,12779,421,13,"いつもありがとうございます😊
動画を観て毎日が癒されてます。感謝❤",11,2026-06-21T10:52:20Z
73Pp1i30cRk,自分のあいさつが不評かもと気づき始めたパンチくん。【パンチくん🐵】市川市動植物園 のニホンザル「パンチくん」Punch the monkey,12779,421,13,モミちゃんとモエちゃんはすぐもめるね,15,2026-06-21T08:27:00Z
73Pp1i30cRk,自分のあいさつが不評かもと気づき始めたパンチくん。【パンチくん🐵】市川市動植物園 のニホンザル「パンチくん」Punch the monkey,12779,421,13,楽しそうに過ごしてるパンチくん❤可愛すぎます～🎵😊,10,2026-06-21T09:27:10Z
73Pp1i30cRk,自分のあいさつが不評かもと気づき始めたパンチくん。【パンチくん🐵】市川市動植物園 のニホンザル「パンチくん」Punch the monkey,12779,421,13,Punch kun ❤❤❤❤❤,6,2026-06-21T08:53:54Z
73Pp1i30cRk,自分のあいさつが不評かもと気づき始めたパンチくん。【パンチくん🐵】市川市動植物園 のニホンザル「パンチくん」Punch the monkey,12779,421,13,配信ありがとうございます😂　今日はパンチ君が楽しそうでよかった☺️,0,2026-06-21T12:16:22Z
73Pp1i30cRk,自分のあいさつが不評かもと気づき始めたパンチくん。【パンチくん🐵】市川市動植物園 のニホンザル「パンチくん」Punch the monkey,12779,421,13,"Grazie mille per questo video. Torno dopo alcuni giorni di assenza e trovo un Punch giocoso e socievole con gli altri cuccioli della sua età. Sembra sempre molto desideroso di ricevere la toelettatura dagli altri, anche se, come spesso accade, non sembra ancora ricambiarla con la stessa frequenza.",0,2026-06-21T14:54:11Z
73Pp1i30cRk,自分のあいさつが不評かもと気づき始めたパンチくん。【パンチくん🐵】市川市動植物園 のニホンザル「パンチくん」Punch the monkey,12779,421,13,"こちらは昨日のでしょうか？愛ある頭突き挨拶やチュ未遂プロレスありーでやはりお友達といると安心嬉しいな！お友達といるとこに下からお友達がやってきて横に来たときパンチくんがお友達の顔にパシッとするの笑えた😂パンチくん本当にすべてかわよ❤


頑張ってるパンチくんて表現いいですね❤配信ありがとうございます",0,2026-06-21T23:10:45Z
73Pp1i30cRk,自分のあいさつが不評かもと気づき始めたパンチくん。【パンチくん🐵】市川市動植物園 のニホンザル「パンチくん」Punch the monkey,12779,421,13,❤I M Sorry I Want To Wish The Whole World Happy Father's Day And Punch Two Handsome Daddy's ❤Stay Strong and Healthy and Safe And Beautiful 🙋👏⭐🫂💋,2,2026-06-21T16:06:34Z
73Pp1i30cRk,自分のあいさつが不評かもと気づき始めたパンチくん。【パンチくん🐵】市川市動植物園 のニホンザル「パンチくん」Punch the monkey,12779,421,13,Danke ❤,2,2026-06-21T09:34:29Z
73Pp1i30cRk,自分のあいさつが不評かもと気づき始めたパンチくん。【パンチくん🐵】市川市動植物園 のニホンザル「パンチくん」Punch the monkey,12779,421,13,The mother monkey left her baby for Momo to take care of again.😊😊,7,2026-06-21T08:52:40Z
Wup1H80yjBo,また穴にはいっちゃたパンチ君🐵市川市動植物園,2994,108,4,パンチくん、雨も平気になったのかな⁉️,1,2026-06-21T12:19:01Z
Wup1H80yjBo,また穴にはいっちゃたパンチ君🐵市川市動植物園,2994,108,4,Thanks!,3,2026-06-21T08:00:11Z
Wup1H80yjBo,また穴にはいっちゃたパンチ君🐵市川市動植物園,2994,108,4,可愛い〰️❤パンチくん,3,2026-06-21T11:44:28Z
Wup1H80yjBo,また穴にはいっちゃたパンチ君🐵市川市動植物園,2994,108,4,"Punch has grown so much that he can hardly mount his friends, who until recently carried him on their backs",4,2026-06-21T08:12:23Z
T32QoCtzmds,がんばれパンチの未公開映像。飼育担当が語る毎日の記録【公式】,1510157,70220,2200,"給餌のときはクールな飼育員さんたちだけど、思わず「かわいい」って声漏れるのほっこりします
愛情感じます❤",2947,2026-05-01T08:50:00Z
T32QoCtzmds,がんばれパンチの未公開映像。飼育担当が語る毎日の記録【公式】,1510157,70220,2200,"先日、動植物園の課長さんが「不規則な生活や残業に耐え、わが子のようにパンチくんを育てた２人の飼育員の努力が報われてほしいと思った」とおっしゃっていた記事を読み、胸が熱くなりました。
こんなに小さかったパンチくんが元気に成長して、世界中の人に愛されているのは、飼育員お二人のパンチくんへの深い愛情と陰の努力の賜物だと思います。

素敵な動画をありがとうございました。
🐒パンチくんは本当にかわいいです🩷",2534,2026-05-01T17:30:15Z
T32QoCtzmds,がんばれパンチの未公開映像。飼育担当が語る毎日の記録【公式】,1510157,70220,2200,こういうの待ってました！今後も配信してください！,3938,2026-05-01T08:18:10Z
T32QoCtzmds,がんばれパンチの未公開映像。飼育担当が語る毎日の記録【公式】,1510157,70220,2200,撮影の全面禁止を検討とのことですが(5月19日時点)、公式で不定期にでも猿山の様子をアップしていただけませんか。  市からの発信で収益化し、動植物園に還元していただければ🙏！,609,2026-05-19T09:55:39Z
T32QoCtzmds,がんばれパンチの未公開映像。飼育担当が語る毎日の記録【公式】,1510157,70220,2200,"パンチくんへ
生まれてきてくれてありがとう。
飼育員さんへ
育ててくれてありがとう。",306,2026-05-04T23:24:24Z
T32QoCtzmds,がんばれパンチの未公開映像。飼育担当が語る毎日の記録【公式】,1510157,70220,2200,貴重なお写真をありがとうございます。やっぱり公式が1番ですね。,2205,2026-05-01T09:03:36Z
T32QoCtzmds,がんばれパンチの未公開映像。飼育担当が語る毎日の記録【公式】,1510157,70220,2200,やっぱり飼育員さん達もデレデレだったんだなぁ。そりゃこんな可愛いもんな。,2795,2026-05-01T08:57:46Z
T32QoCtzmds,がんばれパンチの未公開映像。飼育担当が語る毎日の記録【公式】,1510157,70220,2200,やっぱり公式は最強だな❤,2674,2026-05-01T09:38:09Z
T32QoCtzmds,がんばれパンチの未公開映像。飼育担当が語る毎日の記録【公式】,1510157,70220,2200,AIじゃない本物の飼育員さんのコメントありがたいです。,381,2026-05-04T07:12:40Z
T32QoCtzmds,がんばれパンチの未公開映像。飼育担当が語る毎日の記録【公式】,1510157,70220,2200,写真や動画からこんなに愛情を感じた事なかったです。本当に愛されて育った子なんだな。,328,2026-05-09T08:45:06Z
T32QoCtzmds,がんばれパンチの未公開映像。飼育担当が語る毎日の記録【公式】,1510157,70220,2200,"この配信はとっても嬉しいですね
日々パンチ君の成長をお兄さんの解説で観ることができるなんて最高に嬉しいです",1575,2026-05-01T09:12:31Z
T32QoCtzmds,がんばれパンチの未公開映像。飼育担当が語る毎日の記録【公式】,1510157,70220,2200,やっぱ宮腰さんも鹿野さんも可愛いって思ってるんだね。普段はそんな感じ出さないから、ほんとプロなんだなって改めて実感しました。,1349,2026-05-01T10:57:58Z
T32QoCtzmds,がんばれパンチの未公開映像。飼育担当が語る毎日の記録【公式】,1510157,70220,2200,公式ありがとう,2435,2026-05-01T08:47:21Z
T32QoCtzmds,がんばれパンチの未公開映像。飼育担当が語る毎日の記録【公式】,1510157,70220,2200,未公開映像に飼育員さんの解説まで…最高です！,738,2026-05-01T16:17:12Z
T32QoCtzmds,がんばれパンチの未公開映像。飼育担当が語る毎日の記録【公式】,1510157,70220,2200,"パパ達へ
｢ボク、猿人生頑張るから
ずっとボクのパパでいてね。見ててね｣❤",21,2026-05-22T12:45:35Z
T32QoCtzmds,がんばれパンチの未公開映像。飼育担当が語る毎日の記録【公式】,1510157,70220,2200,パンチが気に入って近づいた左側の子って、アトマル爺さん…。飼育員さんから見たらアトマル爺さんも「子」なんだ。愛があふれているね。,638,2026-05-01T11:11:15Z
T32QoCtzmds,がんばれパンチの未公開映像。飼育担当が語る毎日の記録【公式】,1510157,70220,2200,やっぱりアトマルさんはパンチ君が一方的に気に入って近付いたんだ😆,971,2026-05-01T10:15:23Z
T32QoCtzmds,がんばれパンチの未公開映像。飼育担当が語る毎日の記録【公式】,1510157,70220,2200,飼育員さん二人が、パンチの映像見て「かわいい、かわいいですねぇ～😍」とメロメロになってるのをニヤニヤしてみてしまいます🤭,1656,2026-05-01T08:48:43Z
T32QoCtzmds,がんばれパンチの未公開映像。飼育担当が語る毎日の記録【公式】,1510157,70220,2200,宮腰さん、クール系かと思っていたらデレデレの優しいパパだった,391,2026-05-02T06:26:56Z
T32QoCtzmds,がんばれパンチの未公開映像。飼育担当が語る毎日の記録【公式】,1510157,70220,2200,宮越さんの「お腹ぽんぽこりん」って表現が可愛すぎる😂,634,2026-05-02T08:08:07Z
T32QoCtzmds,がんばれパンチの未公開映像。飼育担当が語る毎日の記録【公式】,1510157,70220,2200,いいねが100回押せたらいいのに❤,644,2026-05-01T10:59:49Z
T32QoCtzmds,がんばれパンチの未公開映像。飼育担当が語る毎日の記録【公式】,1510157,70220,2200,親バカ発動されてる感じで大共感だし、観てても聴いてても幸,648,2026-05-01T10:51:47Z
T32QoCtzmds,がんばれパンチの未公開映像。飼育担当が語る毎日の記録【公式】,1510157,70220,2200,私は地方のファンなので、動画配信は本当に嬉しいです。ありがとうございます😊,1103,2026-05-01T08:50:38Z
T32QoCtzmds,がんばれパンチの未公開映像。飼育担当が語る毎日の記録【公式】,1510157,70220,2200,今年の１２月に高校２年生の息子は修学旅行でディズニーランドに行く予定なのですが、息子はディズニーランドではなく、パンチに会いにいきたい。と言っています。,411,2026-05-13T00:12:18Z
T32QoCtzmds,がんばれパンチの未公開映像。飼育担当が語る毎日の記録【公式】,1510157,70220,2200,AIじゃないご本人のコメントは、ありがたいです😭,10,2026-06-14T16:19:55Z
T32QoCtzmds,がんばれパンチの未公開映像。飼育担当が語る毎日の記録【公式】,1510157,70220,2200,長野県に住んでいます。パンチくんの可愛い様子に癒されます。いつか、会いに行きたいです。飼育員のお二人の愛が伝わります。これからもこのような未公開の動画やお写真を見せていただけたら嬉しいです。本日の公開ありがとうございました。,398,2026-05-01T08:25:11Z
T32QoCtzmds,がんばれパンチの未公開映像。飼育担当が語る毎日の記録【公式】,1510157,70220,2200,一番安心して見ることができ一番信用できるパンチ君情報だ😊,1550,2026-05-01T09:50:40Z
T32QoCtzmds,がんばれパンチの未公開映像。飼育担当が語る毎日の記録【公式】,1510157,70220,2200,お二人が説明しながら「可愛い💖」とおしゃってるのを聞いてると、とても愛情を感じる🐵素敵な飼育員さんたちですね😊,1033,2026-05-01T09:50:20Z
T32QoCtzmds,がんばれパンチの未公開映像。飼育担当が語る毎日の記録【公式】,1510157,70220,2200,"パンチくんが一生懸命お仲間に受けいれて貰えるように周囲に気を配る
必死さが伝わりいじらしくて泣けてきます",13,2026-05-30T06:40:37Z
T32QoCtzmds,がんばれパンチの未公開映像。飼育担当が語る毎日の記録【公式】,1510157,70220,2200,この前の、許せない事件のせいで一番腹立たしい思いでいるのはパパさんお二人なのではないでしょうか？　一日も早くお二人が心から笑える日がくることを願っています😭,51,2026-05-21T09:44:56Z
T32QoCtzmds,がんばれパンチの未公開映像。飼育担当が語る毎日の記録【公式】,1510157,70220,2200,公式キター❤1番身近な人達の話しが聞けて嬉しい！😊,802,2026-05-01T09:27:26Z
T32QoCtzmds,がんばれパンチの未公開映像。飼育担当が語る毎日の記録【公式】,1510157,70220,2200,園のお仕事がお忙しい中、このような素晴らしい動画を上げてくださりありがとうございます！,1524,2026-05-01T08:41:08Z
T32QoCtzmds,がんばれパンチの未公開映像。飼育担当が語る毎日の記録【公式】,1510157,70220,2200,アトマル先生も飼育員さんからしたら「この子」なんですね😂　流石です😊,823,2026-05-01T12:24:30Z
T32QoCtzmds,がんばれパンチの未公開映像。飼育担当が語る毎日の記録【公式】,1510157,70220,2200,お二人の声が優しくてほんとに癒される。公式最高🎉,1079,2026-05-02T07:24:13Z
T32QoCtzmds,がんばれパンチの未公開映像。飼育担当が語る毎日の記録【公式】,1510157,70220,2200,パンチ君の群入りは成功して欲しいです。人間に保護され安全に育つより猿社会で争いながら助け合いながら生きるのが自然です。飼育員さん達はプロです。周りから色々言われますが本当に良く様子を見てくれていると思います。,9,2026-06-09T05:07:52Z
T32QoCtzmds,がんばれパンチの未公開映像。飼育担当が語る毎日の記録【公式】,1510157,70220,2200,"公式　最高 〜🎉🎉🎉

待ってました〜",696,2026-05-01T08:32:57Z
T32QoCtzmds,がんばれパンチの未公開映像。飼育担当が語る毎日の記録【公式】,1510157,70220,2200,"なんですか！この神動画😳✨️
お忙しい中ありがとうございます！
パンチくんきっかけでニホンザルについて調べて学ぶことが多くなったので習性とかお話しきけて嬉しいです💓",856,2026-05-01T09:01:56Z
T32QoCtzmds,がんばれパンチの未公開映像。飼育担当が語る毎日の記録【公式】,1510157,70220,2200,"最高です❤
公式さんありがとうございます😊
飼育員さんの優しくてパンチくんへの愛情が溢れてる感じが見ていて感動しました。",658,2026-05-01T08:59:39Z
T32QoCtzmds,がんばれパンチの未公開映像。飼育担当が語る毎日の記録【公式】,1510157,70220,2200,やはりパンチ君をお世話している飼育員さん達から直接コメント頂くのは、大変貴重で興味深いですね。純粋に嬉しいです😊,254,2026-05-03T13:29:02Z
T32QoCtzmds,がんばれパンチの未公開映像。飼育担当が語る毎日の記録【公式】,1510157,70220,2200,おふたりの話し方が優しくて、パンチくんが可愛くて癒されます😢,496,2026-05-01T21:37:14Z
T32QoCtzmds,がんばれパンチの未公開映像。飼育担当が語る毎日の記録【公式】,1510157,70220,2200,公式の動画が一番嬉しいですね。これからも沢山配信期待しています。,678,2026-05-01T09:45:56Z
T32QoCtzmds,がんばれパンチの未公開映像。飼育担当が語る毎日の記録【公式】,1510157,70220,2200,なんすかこの神動画…パンチの新規映像にパパたちの会話に…感謝,457,2026-05-01T09:52:25Z
T32QoCtzmds,がんばれパンチの未公開映像。飼育担当が語る毎日の記録【公式】,1510157,70220,2200,沢山配信お願い致します。,899,2026-05-01T08:20:01Z
T32QoCtzmds,がんばれパンチの未公開映像。飼育担当が語る毎日の記録【公式】,1510157,70220,2200,みやこしさん、しかのさん。パンチくんの育ての親であるこのお二方のパンチくんへの解説、語る声が本当に優しい😢,12,2026-06-08T10:05:05Z
T32QoCtzmds,がんばれパンチの未公開映像。飼育担当が語る毎日の記録【公式】,1510157,70220,2200,にんじん嫌いなのもお腹ぽんぽこりんなのも眠くなった所で寝ちゃうのも、飼育員さんに必死でしがみつくのも、ついでにりんごの皮もあんまり好きじゃなさそうなのも、いつも何かお口に咥えてもぐもぐしてるのも、全てが可愛いの塊❤遠くて会いに行けないのがつらすぎる…🥺,62,2026-05-02T14:25:22Z
T32QoCtzmds,がんばれパンチの未公開映像。飼育担当が語る毎日の記録【公式】,1510157,70220,2200,にんじんが嫌いなのしっかり子供で可愛い😍,578,2026-05-01T11:38:02Z
T32QoCtzmds,がんばれパンチの未公開映像。飼育担当が語る毎日の記録【公式】,1510157,70220,2200,"公式のこういった配信を心待ちにしていました。感謝です。
最近は条例を無視した収益目的の配信が多く、観る気が失せていました。長時間占拠する迷惑な撮影者は居なくなってほしいので、公式によるライブ配信と、このような定期配信を希望します。",261,2026-05-01T09:53:31Z
T32QoCtzmds,がんばれパンチの未公開映像。飼育担当が語る毎日の記録【公式】,1510157,70220,2200,SNSの使い方がうま過ぎる...すっかり動物園の皆さんのファンです。,114,2026-05-01T08:58:32Z
T32QoCtzmds,がんばれパンチの未公開映像。飼育担当が語る毎日の記録【公式】,1510157,70220,2200,正に飼育員の方のおかげでパンチはいい子に育っています,70,2026-05-17T21:13:53Z
T32QoCtzmds,がんばれパンチの未公開映像。飼育担当が語る毎日の記録【公式】,1510157,70220,2200,飼育員さんの愛を感じますね❤,352,2026-05-03T22:17:14Z
T32QoCtzmds,がんばれパンチの未公開映像。飼育担当が語る毎日の記録【公式】,1510157,70220,2200,素敵な７分を提供して下さりありがとうございます😢,475,2026-05-01T10:32:13Z
T32QoCtzmds,がんばれパンチの未公開映像。飼育担当が語る毎日の記録【公式】,1510157,70220,2200,"解説が稀有！園内で見れない分、youtubeで上がる様々な動画を毎日見ていました。
公式がこのように発信してくれるとすごく嬉しい。ありがとう！",486,2026-05-01T09:48:52Z
T32QoCtzmds,がんばれパンチの未公開映像。飼育担当が語る毎日の記録【公式】,1510157,70220,2200,"すごく嬉しいです🥰
これからも配信、楽しみにしてます✨",524,2026-05-01T08:30:45Z
T32QoCtzmds,がんばれパンチの未公開映像。飼育担当が語る毎日の記録【公式】,1510157,70220,2200,パンチくんの人(猿)格形成に、飼育員さん達の愛情がすごく大きく影響したんだろうなと感じる、あたたかいコメントと映像でした☺️,313,2026-05-03T07:15:47Z
T32QoCtzmds,がんばれパンチの未公開映像。飼育担当が語る毎日の記録【公式】,1510157,70220,2200,担当動物を手放しで可愛いって言える飼育員さん達は幸せですね♪,62,2026-05-01T16:08:16Z
T32QoCtzmds,がんばれパンチの未公開映像。飼育担当が語る毎日の記録【公式】,1510157,70220,2200,宮腰さん鹿野さんのインタビューありがたい😭,1468,2026-05-01T08:54:00Z
T32QoCtzmds,がんばれパンチの未公開映像。飼育担当が語る毎日の記録【公式】,1510157,70220,2200,アトマルさんのこと、群れ入り翌日から既に一方的に気に入ってたとは！😄,581,2026-05-01T11:42:28Z
T32QoCtzmds,がんばれパンチの未公開映像。飼育担当が語る毎日の記録【公式】,1510157,70220,2200,猛暑続く中の飼育大変でしたでしょうに、苦労話でなくパンチ君への愛情溢れるお話しに感動しました。,266,2026-05-01T09:09:05Z
T32QoCtzmds,がんばれパンチの未公開映像。飼育担当が語る毎日の記録【公式】,1510157,70220,2200,"パンチくんは可愛さ半端な〜い
飼育員さん育ててくれてありがとう",81,2026-05-02T10:31:47Z
T32QoCtzmds,がんばれパンチの未公開映像。飼育担当が語る毎日の記録【公式】,1510157,70220,2200,"昨日、悲しいお知らせを見ました。
改めて、パンチくんの命を繋いでくださった飼育員のお二人、ありがとうございます。",18,2026-05-22T21:23:26Z
T32QoCtzmds,がんばれパンチの未公開映像。飼育担当が語る毎日の記録【公式】,1510157,70220,2200,"公式の配信は、ありがたいです😊
飼育員のお兄さん達しか知らないパンチくんのことがわかって嬉しいです
次も楽しみに待ってますね❣️",226,2026-05-01T10:59:10Z
T32QoCtzmds,がんばれパンチの未公開映像。飼育担当が語る毎日の記録【公式】,1510157,70220,2200,飼育員さんが実際に話してくれたことが聞けてとても嬉しかったです😊今後も見れてお話聞けたら嬉しいです❤,338,2026-05-01T09:47:49Z
T32QoCtzmds,がんばれパンチの未公開映像。飼育担当が語る毎日の記録【公式】,1510157,70220,2200,待ってました❤ありがとうございます！もっともっと見たいです🙏,359,2026-05-01T08:50:14Z
T32QoCtzmds,がんばれパンチの未公開映像。飼育担当が語る毎日の記録【公式】,1510157,70220,2200,初めて飼育員さん目線のストーリーが聞けて嬉しい！！,438,2026-05-02T06:17:49Z
T32QoCtzmds,がんばれパンチの未公開映像。飼育担当が語る毎日の記録【公式】,1510157,70220,2200,パンチって普通に顔整いだよね…,173,2026-05-03T14:03:36Z
T32QoCtzmds,がんばれパンチの未公開映像。飼育担当が語る毎日の記録【公式】,1510157,70220,2200,"飼育員さんの「可愛い〜」って言葉にニヤニヤしながら見てました😊
配信ありがとうございます😊😊",1184,2026-05-01T08:33:52Z
T32QoCtzmds,がんばれパンチの未公開映像。飼育担当が語る毎日の記録【公式】,1510157,70220,2200,いいね👍を何度も押したいー,194,2026-05-01T08:47:49Z
T32QoCtzmds,がんばれパンチの未公開映像。飼育担当が語る毎日の記録【公式】,1510157,70220,2200,飼育員さんメロメロでしたね❤,281,2026-05-01T08:50:48Z
T32QoCtzmds,がんばれパンチの未公開映像。飼育担当が語る毎日の記録【公式】,1510157,70220,2200,"遠いからなかなか会いにいけません😂
だからお二人のパンチのお話しの様子がうれしいです❤",12,2026-06-17T12:01:07Z
T32QoCtzmds,がんばれパンチの未公開映像。飼育担当が語る毎日の記録【公式】,1510157,70220,2200,パンチは、お二人の若くて素晴らしいパパに巡り逢えて、本当に幸運な子❣️,108,2026-05-03T02:58:37Z
T32QoCtzmds,がんばれパンチの未公開映像。飼育担当が語る毎日の記録【公式】,1510157,70220,2200,飼育員さん達の優しさを感じます❤,584,2026-05-01T08:52:35Z
T32QoCtzmds,がんばれパンチの未公開映像。飼育担当が語る毎日の記録【公式】,1510157,70220,2200,"公式ありがとうございます。
これからも配信をお願いします。",341,2026-05-01T09:02:26Z
T32QoCtzmds,がんばれパンチの未公開映像。飼育担当が語る毎日の記録【公式】,1510157,70220,2200,パンチ、、生まれてきてくれてありがとう❤,258,2026-05-01T12:59:40Z
T32QoCtzmds,がんばれパンチの未公開映像。飼育担当が語る毎日の記録【公式】,1510157,70220,2200,"サル山に赤ちゃんが生まれ、ママたちの子育てを見てて
飼育員さんたちがどれだけ大変だった胸がいっぱいになります。",48,2026-05-14T21:49:30Z
T32QoCtzmds,がんばれパンチの未公開映像。飼育担当が語る毎日の記録【公式】,1510157,70220,2200,お二人の声が穏やかで優ししい方なんだなぁって感じます😊,435,2026-05-05T00:08:54Z
T32QoCtzmds,がんばれパンチの未公開映像。飼育担当が語る毎日の記録【公式】,1510157,70220,2200,"こういうの嬉しいです！
バックヤードのパンチの様子や、餌やりの後の様子などもいつか観てみたいです！",468,2026-05-01T09:51:30Z
T32QoCtzmds,がんばれパンチの未公開映像。飼育担当が語る毎日の記録【公式】,1510157,70220,2200,飼育員さんからの愛が沢山伝わりました😭,193,2026-05-01T11:14:39Z
T32QoCtzmds,がんばれパンチの未公開映像。飼育担当が語る毎日の記録【公式】,1510157,70220,2200,パンチくん本当にかわいいです！貴重なお話ありがとうございました！,202,2026-05-01T09:46:50Z
T32QoCtzmds,がんばれパンチの未公開映像。飼育担当が語る毎日の記録【公式】,1510157,70220,2200,"何度も見ちゃいます😂
がんばったねパンチ🎉パパありがとう",11,2026-06-18T14:39:25Z
T32QoCtzmds,がんばれパンチの未公開映像。飼育担当が語る毎日の記録【公式】,1510157,70220,2200,観客の要望も大切だと思います。しかし今の現状は、この動植物園のキャパシティを遥か超えてしまってる状態だと思います。限られた人数でいくつも掛け持ちの仕事をし、特に飼育員のお二人の心身の状態を案じてなりません。色んな意味で園側には無理はしてほしくないです。,24,2026-05-19T12:55:22Z
T32QoCtzmds,がんばれパンチの未公開映像。飼育担当が語る毎日の記録【公式】,1510157,70220,2200,当たり前だけど、パンチが愛されているのを確認できて安心しました❤,153,2026-05-01T09:54:16Z
T32QoCtzmds,がんばれパンチの未公開映像。飼育担当が語る毎日の記録【公式】,1510157,70220,2200,飼育員さんが「かわいい〜」って言ってるのがとても良い😂,196,2026-05-01T12:50:59Z
T32QoCtzmds,がんばれパンチの未公開映像。飼育担当が語る毎日の記録【公式】,1510157,70220,2200,ありがとうございます♪幸せいっぱい💕,296,2026-05-01T09:47:52Z
T32QoCtzmds,がんばれパンチの未公開映像。飼育担当が語る毎日の記録【公式】,1510157,70220,2200,パンチくんの二足歩行一番すき,39,2026-05-18T12:51:22Z
T32QoCtzmds,がんばれパンチの未公開映像。飼育担当が語る毎日の記録【公式】,1510157,70220,2200,毎日、パンチを大切に育てて頂いて本当にありがとうございます✨🎉,23,2026-05-24T05:32:25Z
T32QoCtzmds,がんばれパンチの未公開映像。飼育担当が語る毎日の記録【公式】,1510157,70220,2200,"当時のパンチくんの様子や感想を飼育員さんお二人から聞けて感無量です✨
お忙しい中ありがとうございます！",272,2026-05-01T09:50:20Z
T32QoCtzmds,がんばれパンチの未公開映像。飼育担当が語る毎日の記録【公式】,1510157,70220,2200,"ありがとうございます😭
とっても嬉しいです❤
お二人のパンチ可愛いって言葉を聞くだけで心からたまらなく嬉しいです。",132,2026-05-01T10:50:45Z
T32QoCtzmds,がんばれパンチの未公開映像。飼育担当が語る毎日の記録【公式】,1510157,70220,2200,市川市公式で飼育員さんのお話を聞けるのは貴重❣️アップありがとうございます。遠くでパンチくんに会いにいけないので嬉しいです。ああ幸せ🥰,433,2026-05-01T09:01:58Z
T32QoCtzmds,がんばれパンチの未公開映像。飼育担当が語る毎日の記録【公式】,1510157,70220,2200,飼育員さん、お疲れじゃないですか。大丈夫ですか。パンチくん大きくなりましたね。地方からなんですけど、こうやって動画をあげて頂いて感謝してます。何回見たかな😅　人気が出ると、色んなことが起こりますね。一番最初から言われていた｢どの子がパンチかわからないくらいに群れに馴染んでほしい｣きっと叶いますね。パンチくんとても楽しそう。千葉はかなり遠いけど、ずっと応援してます。,30,2026-05-22T05:55:41Z
T32QoCtzmds,がんばれパンチの未公開映像。飼育担当が語る毎日の記録【公式】,1510157,70220,2200,先日、やっとパンチくんに会いにいきました。電車に乗りバスに乗り、たどりつきました。バスの運転手さんからも動植物の行き方、の説明もありました。パンチくんを観ながら、はじめ会った方々と会話すすみました。もう、推し活ですね。楽しかった、今度はゆっくり動植物園を散策しまーす。,19,2026-05-22T21:37:06Z
T32QoCtzmds,がんばれパンチの未公開映像。飼育担当が語る毎日の記録【公式】,1510157,70220,2200,ぽんぽこりんのお腹本当に可愛い。,427,2026-05-01T09:20:45Z
T32QoCtzmds,がんばれパンチの未公開映像。飼育担当が語る毎日の記録【公式】,1510157,70220,2200,可愛いって言ってる飼育員さんが可愛い😇,307,2026-05-01T09:03:40Z
T32QoCtzmds,がんばれパンチの未公開映像。飼育担当が語る毎日の記録【公式】,1510157,70220,2200,"第2弾ありがとうございます！
お二人が語るなんて貴重すぎます😣お二人の柔らかい話し方にパンチくんの映像癒されました☺
第3弾ももし良ければお願いいたします🙇",423,2026-05-01T08:50:51Z
T32QoCtzmds,がんばれパンチの未公開映像。飼育担当が語る毎日の記録【公式】,1510157,70220,2200,パンチが初めて抱っこされた時　希望が見えてきた！　飼育員さんの言葉が　群れ入れへの過程と難しさを表していると思います,10,2026-06-09T10:49:57Z
T32QoCtzmds,がんばれパンチの未公開映像。飼育担当が語る毎日の記録【公式】,1510157,70220,2200,待ってました❤また色々とあげてください！ありがとうございます😊,145,2026-05-02T15:55:27Z
T32QoCtzmds,がんばれパンチの未公開映像。飼育担当が語る毎日の記録【公式】,1510157,70220,2200,"さすが公式様。
満足感半端ないです。",250,2026-05-01T12:04:02Z
T32QoCtzmds,がんばれパンチの未公開映像。飼育担当が語る毎日の記録【公式】,1510157,70220,2200,"めちゃくちゃ見やすい、飽きない、適切な長さの楽しい動画をありがとうございます！

公式さんの解説動画で、変な煽りや曲解もなく、冷静にパンチくんの現状を把握できるのはとてもありがたいですので、続きが更新されていくことに期待しています😊

こうした動画があれば、市川市動植物園さんで飼育員さんなどに長々と話しかける方も減るのでは、と……みんなが気になることを動画で教えてくださるのは賢明な措置とも思います、本当にありがとうございます！",272,2026-05-01T08:28:37Z
T32QoCtzmds,がんばれパンチの未公開映像。飼育担当が語る毎日の記録【公式】,1510157,70220,2200,観てるだけで幸せ,237,2026-05-01T11:59:02Z
T32QoCtzmds,がんばれパンチの未公開映像。飼育担当が語る毎日の記録【公式】,1510157,70220,2200,"私は何回、この動画見とんや？😅
ほんまに！
可愛いわぁ🥰",17,2026-06-14T09:29:44Z
T32QoCtzmds,がんばれパンチの未公開映像。飼育担当が語る毎日の記録【公式】,1510157,70220,2200,飼育員さんも実はメロメロだったのがわかってほっこり。😍,153,2026-05-01T17:35:23Z
4sUtxaPqTXY,パンチくんのこれまでを振り返ります【公式】 #市川市動植物園 #がんばれパンチ,282296,9867,108,公式チャンネルで、今後もパンチ＆動物園をたくさん配信していただけると嬉しいです !!,348,2026-04-24T02:31:39Z
4sUtxaPqTXY,パンチくんのこれまでを振り返ります【公式】 #市川市動植物園 #がんばれパンチ,282296,9867,108,可愛いパンチくんにこちらが感動、勇気、愛情をもらっています、有り難う！飼育に携わる皆様に感謝しています❤❤❤,313,2026-04-24T02:18:54Z
4sUtxaPqTXY,パンチくんのこれまでを振り返ります【公式】 #市川市動植物園 #がんばれパンチ,282296,9867,108,"ちっちゃかったね。
だいぶ大きくなっても、まだまだかわいい🩷😍🩷",86,2026-04-24T02:46:07Z
4sUtxaPqTXY,パンチくんのこれまでを振り返ります【公式】 #市川市動植物園 #がんばれパンチ,282296,9867,108,"パンチ君より大きいオランママ　　　　　　
引きずり片時も離れない　　
健気で愛おしいパンチ君❤　　　
スクスク育ってね。　　　
飼育員さん有り難う　　　
これからも宜しくお願い致します。",120,2026-04-24T02:10:17Z
4sUtxaPqTXY,パンチくんのこれまでを振り返ります【公式】 #市川市動植物園 #がんばれパンチ,282296,9867,108,"パンチ君の成長が見れて嬉しいです。😊
パンチ君、本当に頑張ってるね。偉いね👏👏",136,2026-04-24T02:21:07Z
4sUtxaPqTXY,パンチくんのこれまでを振り返ります【公式】 #市川市動植物園 #がんばれパンチ,282296,9867,108,"7月26日が来ると、1歳のお誕生日なのですねっ🎂🐒💐
飼育員お兄さん達のご苦労と惜しみない愛情のおかげですねっ🍀💞🙋‍♂️🐒💁‍♂️💞☘️",139,2026-04-24T02:31:10Z
4sUtxaPqTXY,パンチくんのこれまでを振り返ります【公式】 #市川市動植物園 #がんばれパンチ,282296,9867,108,"毎日、パンチ君の愛らしい姿を見るのを楽しみにしています
これからも、元気で可愛いパンチ君と
優しいお兄さんを応援しています🎉",148,2026-04-24T03:10:40Z
4sUtxaPqTXY,パンチくんのこれまでを振り返ります【公式】 #市川市動植物園 #がんばれパンチ,282296,9867,108,"日に日に逞しくなっていくパンチくん💕
飛び付かれる飼育員さんも重く感じてるのではないでしょうか🐵✨
嬉しいことですね💕",207,2026-04-24T02:09:28Z
4sUtxaPqTXY,パンチくんのこれまでを振り返ります【公式】 #市川市動植物園 #がんばれパンチ,282296,9867,108,愛おしい尊い存在です❤,138,2026-04-24T02:55:00Z
4sUtxaPqTXY,パンチくんのこれまでを振り返ります【公式】 #市川市動植物園 #がんばれパンチ,282296,9867,108,"パンチくん💕
赤ちゃんの頃から比べると大きく成りましたね😀💓
これから　もっともっと大きくなるんだよ〜✌️💕
皆んなで　見守っているからね～🙆🥳",64,2026-04-24T02:43:01Z
4sUtxaPqTXY,パンチくんのこれまでを振り返ります【公式】 #市川市動植物園 #がんばれパンチ,282296,9867,108,"生まれてから、これ迄よく頑張ったね！😭
みんなの愛に包まれて、すくすく逞しく
育ってますねー！😊ほんといい子🐒🥰",66,2026-04-24T03:14:29Z
4sUtxaPqTXY,パンチくんのこれまでを振り返ります【公式】 #市川市動植物園 #がんばれパンチ,282296,9867,108,不思議なことにお猿さんはみんな同じなのにパンチくんは凄く可愛い。🥰💓💕🐒🫶,47,2026-04-24T03:46:00Z
4sUtxaPqTXY,パンチくんのこれまでを振り返ります【公式】 #市川市動植物園 #がんばれパンチ,282296,9867,108,私の救世主です。悲しくて落ち込んでいてもパンチくんのつぶらな瞳を見ると吹っ飛びます！！,21,2026-04-24T06:53:10Z
4sUtxaPqTXY,パンチくんのこれまでを振り返ります【公式】 #市川市動植物園 #がんばれパンチ,282296,9867,108,"ほとんど毎日パンチ君の動画を拝見してます❗️
本当に健気な赤ちゃんパンチ君も少し大きくなり、ヤンチャになってきましたね😅
猿山の仲間達も増えてパンチ君も毎日楽しく過ごせたら良いなぁ🎵
これからも影ながら応援していますよ👏",128,2026-04-24T02:26:56Z
4sUtxaPqTXY,パンチくんのこれまでを振り返ります【公式】 #市川市動植物園 #がんばれパンチ,282296,9867,108,パンチ君は、新生児の時からスター性が有るように感じるのは、完全な贔屓目でしょうか？本当に可愛い。,36,2026-04-24T06:55:38Z
4sUtxaPqTXY,パンチくんのこれまでを振り返ります【公式】 #市川市動植物園 #がんばれパンチ,282296,9867,108,応援しています❤,45,2026-04-24T02:45:22Z
4sUtxaPqTXY,パンチくんのこれまでを振り返ります【公式】 #市川市動植物園 #がんばれパンチ,282296,9867,108,"飼育員さん、大変お疲れさまでした。
これからも、パンチくん宜しくお願いします。🌹
毎日、楽しみです。",16,2026-04-24T07:28:17Z
4sUtxaPqTXY,パンチくんのこれまでを振り返ります【公式】 #市川市動植物園 #がんばれパンチ,282296,9867,108,この子は、なんだろう…。なんて魅力を持った子なんだろう…(´；ω；｀)。その可愛さに目が釘付けです🫶💞✨️🐵✨️,23,2026-04-24T08:22:21Z
4sUtxaPqTXY,パンチくんのこれまでを振り返ります【公式】 #市川市動植物園 #がんばれパンチ,282296,9867,108,動画UPありがとうございます。この３月に22年6ヶ月勤めた職場を退職いたしました。毎日がむしゃらに働いて来ましたので、何か心も身体もぽっかり穴が空いてしまっていました。ある日パンチくんの愛らしい姿がショートに上がっていました。大きくて重いオランママを一所懸命引きづって歩く様子や先輩猿を怖いと感じてか、ママを盾に隠れたりお昼寝時に温もりを求めて眠る様子を見るにつけ、パンチくんの心細さや辛さそして健気な頑張りが空虚な私の心にじんわりと染み込んで来ました😭飼育員さんを待っている姿はほんとにいじらしいですね。宮越さんと鹿野さんお二人そして動植物園皆様の愛と丹念を感じます。私達何も知らない外野が煩い時も有るでしょうが⋯時には捨て置き夫々のお仕事に邁進してください。くしくも表に立っておられるお二人や動物達の様子を目の当たりにするにつけ、貴園の忙しさの中でもほのぼのとした温かさを感じます。お身体に留意されお仕事お励みください。動画の更新楽しみにしておりますm(__)m,15,2026-04-24T22:07:37Z
4sUtxaPqTXY,パンチくんのこれまでを振り返ります【公式】 #市川市動植物園 #がんばれパンチ,282296,9867,108,パンチ君のかわいい🐒宝物のような育児日記❤何度みても大切な赤ちゃんだなぁ～と思います💕💕😌💕💕,30,2026-04-24T05:51:28Z
4sUtxaPqTXY,パンチくんのこれまでを振り返ります【公式】 #市川市動植物園 #がんばれパンチ,282296,9867,108,パンチくんに学ばせていただいてます。誰しもが孤独を感じたり寂しさを感じることもある現代のつらい時期などにもとてもパンチくんの小さいながらにも頑張る姿が胸を打つ。とくにお顔も毛色もはっきりしててほんと整ってる子で特徴的こんな可愛いニホンザルみたことないアットホームの市川動植物園のみなさまのおかげで出会えたご縁ですほんとにありがとうございます。パンチくんこれからも元気に育ってね,22,2026-04-24T03:33:50Z
4sUtxaPqTXY,パンチくんのこれまでを振り返ります【公式】 #市川市動植物園 #がんばれパンチ,282296,9867,108,"パンチ君🐒の感動の
ストーリーには
見る度に何故か涙してしまう😢
でもパンチ君の未来への道は開けてて幸せ❤な事間違いないですね～🤸‍♂️
ずーっと見守っているよ🥰❤❤❤❤❤❤",14,2026-04-24T08:37:47Z
4sUtxaPqTXY,パンチくんのこれまでを振り返ります【公式】 #市川市動植物園 #がんばれパンチ,282296,9867,108,パンチ君から一杯愛情頂きましたよ❤ありがとう。そしてこれからも個性たっぷりのパンチ君を楽しみしています😊,12,2026-04-24T04:08:08Z
4sUtxaPqTXY,パンチくんのこれまでを振り返ります【公式】 #市川市動植物園 #がんばれパンチ,282296,9867,108,"こんなちっちゃな頃から
頑張ってたんですね😢
今は2人のパパ　お友達にも
囲まれ幸せそうです
配信ありがとうごさいます❤",15,2026-04-24T07:57:04Z
4sUtxaPqTXY,パンチくんのこれまでを振り返ります【公式】 #市川市動植物園 #がんばれパンチ,282296,9867,108,可愛いパンチくんを有難うございます🤗,13,2026-04-24T04:14:26Z
4sUtxaPqTXY,パンチくんのこれまでを振り返ります【公式】 #市川市動植物園 #がんばれパンチ,282296,9867,108,"泣けてくる
よく頑張ったね　パンチ君❤",16,2026-04-24T08:14:27Z
4sUtxaPqTXY,パンチくんのこれまでを振り返ります【公式】 #市川市動植物園 #がんばれパンチ,282296,9867,108,"小さな体で試練に耐え
少しづつ仲間が
増えて行ってるよね
パンチ君は、メンタル強そうだし賢いから
幸せな猿生送れるよ
負けずに頑張れ!",15,2026-04-24T03:40:52Z
4sUtxaPqTXY,パンチくんのこれまでを振り返ります【公式】 #市川市動植物園 #がんばれパンチ,282296,9867,108,"パンチ君❤から
目が離せません
応援してるょ❤パンチがんばれ",7,2026-04-26T09:38:27Z
4sUtxaPqTXY,パンチくんのこれまでを振り返ります【公式】 #市川市動植物園 #がんばれパンチ,282296,9867,108,"頑張ってるパンチくん
我が子のように見守りたくなってしまうんですよね💖",15,2026-04-27T00:11:37Z
4sUtxaPqTXY,パンチくんのこれまでを振り返ります【公式】 #市川市動植物園 #がんばれパンチ,282296,9867,108,パンチくんを見てると目尻がタレ下がってしまう☺️世界中の天使❤,11,2026-04-24T15:48:37Z
4sUtxaPqTXY,パンチくんのこれまでを振り返ります【公式】 #市川市動植物園 #がんばれパンチ,282296,9867,108,パンチ君と、パンチ君の命を一生懸命繋いでくれた二人のパパさんたちが大好きです😂　これからも陰ながら応援しています。,8,2026-04-26T05:59:12Z
4sUtxaPqTXY,パンチくんのこれまでを振り返ります【公式】 #市川市動植物園 #がんばれパンチ,282296,9867,108,"儚く壊れそうな小さいパンチくん😂
お兄さんパパ達の愛情を一心に受けて成長していく過程
小さい体で大きなオランママをどこにでも連れて行く力
成長して大きくなって来ましたが、今でもまだ赤ちゃん　甘えたい　その思いを全身で受け止めてくれるパパ達　献身的で深い愛　園の皆様一人一人の優しさと園への思いに　感謝しています😂",14,2026-04-24T05:41:56Z
4sUtxaPqTXY,パンチくんのこれまでを振り返ります【公式】 #市川市動植物園 #がんばれパンチ,282296,9867,108,"パンチ君の成長をまるでそばにいる感覚で毎日、見せてもらっています😅
本当にあの小さくてオランママ命❤だったパンチ君が今ではたくさんの先輩🐒さん達に守られてヤンチャ坊主に成長しました👏
もうアキラボスにも認められたなんて😅✨スゴい❗パンチ君！👍
今までの健気な努力がこうして実を結びました🎉
これからもまだまだ小さなパンチ君のことどうぞ甘やかしてあげてくださいね❣️
大好きなパパに抱っこされるパンチ君が愛おしいです😌💓",11,2026-04-24T03:11:34Z
4sUtxaPqTXY,パンチくんのこれまでを振り返ります【公式】 #市川市動植物園 #がんばれパンチ,282296,9867,108,"パンチくん🩷飼育員さんを始め沢山の人から愛情いっぱいもらって大きくなったね！猿山の居心地はどうかな？パンチくんが楽しく過ごせてたらいいな。
毎日パンチくんのこと想ってるよ。頑張れパンチ🐒！ずっと応援してるからね☺️",11,2026-04-24T09:58:17Z
4sUtxaPqTXY,パンチくんのこれまでを振り返ります【公式】 #市川市動植物園 #がんばれパンチ,282296,9867,108,❤❤❤❤❤❤❤❤❤❤,23,2026-04-24T02:57:12Z
4sUtxaPqTXY,パンチくんのこれまでを振り返ります【公式】 #市川市動植物園 #がんばれパンチ,282296,9867,108,"パンチ君が、運びやすいぬいぐるみで良かったと、心から思います。いつも寄り添い、パンチ君の心を、守ってくれました。
このぬいぐるみを、選択してくださった皆様に感謝いたします",9,2026-04-24T04:31:04Z
4sUtxaPqTXY,パンチくんのこれまでを振り返ります【公式】 #市川市動植物園 #がんばれパンチ,282296,9867,108,"パンチくんのお陰で癒された人たちは
たくさんいると思います
パンチくんの顔 かわいぃし  二本足歩行
は、パパたちを見てるから 　チューは
いっぱいパパに愛されてた証ですね🌸
応援していますがパンチくんがパパの
側にいてくれるの見たいですね",12,2026-04-24T04:27:18Z
4sUtxaPqTXY,パンチくんのこれまでを振り返ります【公式】 #市川市動植物園 #がんばれパンチ,282296,9867,108,"可愛いパンチ君❤
暇さえあれば動画を観てしまいます😂飼育員さんたちの大変さも感じるから、お兄さんたちの顔色や表情とかもいろいろ気になったりもしています😂
どうか、皆様お身体大切にこれからも猿山の皆んなをどうぞよろしくお願いします🙇",7,2026-04-24T12:59:37Z
4sUtxaPqTXY,パンチくんのこれまでを振り返ります【公式】 #市川市動植物園 #がんばれパンチ,282296,9867,108,公式での配信を希望します。大好きな動物園をもっと知りたいです、動物園にはなかなか行くことが出来ないので。パンチ君のこれからの様子もずっと見続けていきたいのでお願いします。,10,2026-04-24T07:12:52Z
4sUtxaPqTXY,パンチくんのこれまでを振り返ります【公式】 #市川市動植物園 #がんばれパンチ,282296,9867,108,可愛いパンチ君❤成長が楽しみですね～❤,4,2026-04-25T01:27:35Z
4sUtxaPqTXY,パンチくんのこれまでを振り返ります【公式】 #市川市動植物園 #がんばれパンチ,282296,9867,108,あーかわいいかわいいかわいい🥹 こんな小さな頃から大きなオランママを頼りに、よく一人ぼっちで猿山社会で頑張った👏 たくさんの仲間とワチャワチャ日々元気に過ごしてる今のパンチくんと比較して泣いてしまう。パンチくんはほんとに賢くて強い子！,6,2026-04-26T10:32:29Z
4sUtxaPqTXY,パンチくんのこれまでを振り返ります【公式】 #市川市動植物園 #がんばれパンチ,282296,9867,108,毎日パンチくん見ています。小さな子がこんなに、大きくなって、ご苦労が沢山あったかと思います。涙あり、笑いあり、嬉しいです。有難う御座います。❤❤❤❤❤,8,2026-04-24T12:41:25Z
4sUtxaPqTXY,パンチくんのこれまでを振り返ります【公式】 #市川市動植物園 #がんばれパンチ,282296,9867,108,"パンチ🐒💕～
頑張れよ～😊
いつも応援  そして
見守って要るよ～
大好きだよ～パンチ🐒💕動植物園の職員の皆様
2人の優しいお兄さんパパ達いつもお世話を有り難う御座います
皆様にはパンチ🐒をこんなに大きくなる迄育てて頂き 感謝しか有りません
此からもパンチと園内の動物達を宜しくお願い致します🙋パンチ🐒💕
大好きだよ～😘😘😘",5,2026-04-26T10:58:49Z
4sUtxaPqTXY,パンチくんのこれまでを振り返ります【公式】 #市川市動植物園 #がんばれパンチ,282296,9867,108,可愛い動画ありがとうございます。一般YouTuberには賛否も有りますが海外や遠方に住んでいる人には有り難いです。公式チャンネルでもスパチャ出来ると嬉しいです。,5,2026-04-24T04:32:15Z
4sUtxaPqTXY,パンチくんのこれまでを振り返ります【公式】 #市川市動植物園 #がんばれパンチ,282296,9867,108,"涙が出てしまいます😢
こんなにかわいいパンチくんを大切に育ててくださって感謝しかありません🙇
パンチくんがんばっていますね😊
みんなに愛されていますね❤",4,2026-05-01T09:59:26Z
4sUtxaPqTXY,パンチくんのこれまでを振り返ります【公式】 #市川市動植物園 #がんばれパンチ,282296,9867,108,"懐かしく見ています😂😂❤❤❤
パンチくん良く頑張ったね😢❤
オランママを大事にどこに行くにも
連れて行っていたね😢😢❤❤❤
パパ達に守られて愛情いっぱい育ってる
パンチくんずーっと応援しているよ😂❤❤",1,2026-06-13T02:47:28Z
4sUtxaPqTXY,パンチくんのこれまでを振り返ります【公式】 #市川市動植物園 #がんばれパンチ,282296,9867,108,❤,34,2026-04-24T01:49:19Z
4sUtxaPqTXY,パンチくんのこれまでを振り返ります【公式】 #市川市動植物園 #がんばれパンチ,282296,9867,108,"こんなに小さかったけど　パンチくんより
大きなオランマを引きずりながら
一生懸命生きてきたパンチくんの
成長を見れて感動しています。
大事に育ててくれてありがとうございます。
飼育員のお兄さん達　こらからも
宜しくお願いします❤",4,2026-04-29T00:34:22Z
4sUtxaPqTXY,パンチくんのこれまでを振り返ります【公式】 #市川市動植物園 #がんばれパンチ,282296,9867,108,人口哺育の大変さを痛感しておりますが、飼育員さんの努力と愛情をいっぱい受けて、パンチ君💕逞しく、大きくなりましたね😊これからも元気に過ごしてね❣️ずっと可愛いパンチ君💕優しい飼育員さん、市川市動植物園を応援しています！,5,2026-04-24T13:47:45Z
4sUtxaPqTXY,パンチくんのこれまでを振り返ります【公式】 #市川市動植物園 #がんばれパンチ,282296,9867,108,"毎日毎日観させて戴いてます。
可愛くて何回観ても飽きないですね。
オランパパを小さな身体で引きずって感情は人間と変わらないですね。
お二人の飼育員の方の愛情が伝わります。とても素敵です。

これからも見守っていきたいです🎉",5,2026-04-29T20:31:26Z
4sUtxaPqTXY,パンチくんのこれまでを振り返ります【公式】 #市川市動植物園 #がんばれパンチ,282296,9867,108,"飼育員さん日々お疲れ様です✨
そして、パンチくんがこんなにも成長してお猿さんの群れに馴染んできたのも皆さんの努力の賜物だと思います！
これからも遠くから応援しています
ありがとうございます☆",5,2026-04-25T02:59:06Z
4sUtxaPqTXY,パンチくんのこれまでを振り返ります【公式】 #市川市動植物園 #がんばれパンチ,282296,9867,108,Youtubeの収益を考えると、公式での発信がとてもありがたいです😊,4,2026-04-29T11:49:34Z
4sUtxaPqTXY,パンチくんのこれまでを振り返ります【公式】 #市川市動植物園 #がんばれパンチ,282296,9867,108,好感動，謝謝善良的哥哥們🎉😊😊,8,2026-04-24T06:05:50Z
4sUtxaPqTXY,パンチくんのこれまでを振り返ります【公式】 #市川市動植物園 #がんばれパンチ,282296,9867,108,"毎日パンチくんの動画見て癒されてます❤
パンチくんは強い子だね🥰",1,2026-05-03T04:17:43Z
4sUtxaPqTXY,パンチくんのこれまでを振り返ります【公式】 #市川市動植物園 #がんばれパンチ,282296,9867,108,Punch is so cute! He is full of character since he was born.,4,2026-04-28T23:52:02Z
4sUtxaPqTXY,パンチくんのこれまでを振り返ります【公式】 #市川市動植物園 #がんばれパンチ,282296,9867,108,love you Punchi Kun...! continue to shine..! ❤️😘💕😊😇❤️💕,1,2026-05-21T03:56:44Z
4sUtxaPqTXY,パンチくんのこれまでを振り返ります【公式】 #市川市動植物園 #がんばれパンチ,282296,9867,108,"こんなガリガリだったのに🥹飼育員さん始め園の皆さんとパンチの生命力で大きくなりましたね！
がんばれパンチ👊",2,2026-04-24T16:24:15Z
4sUtxaPqTXY,パンチくんのこれまでを振り返ります【公式】 #市川市動植物園 #がんばれパンチ,282296,9867,108,"ふるさと納税します❤
パンチ君大好き😘",2,2026-04-25T03:08:30Z
4sUtxaPqTXY,パンチくんのこれまでを振り返ります【公式】 #市川市動植物園 #がんばれパンチ,282296,9867,108,公式なんで安心です😊1週間違いで26日に新たな命が誕生したと聞きましたが本当ですか🐵,2,2026-04-27T11:06:49Z
4sUtxaPqTXY,パンチくんのこれまでを振り返ります【公式】 #市川市動植物園 #がんばれパンチ,282296,9867,108,市川市動植物園💪💪💪💪,3,2026-04-25T10:00:03Z
4sUtxaPqTXY,パンチくんのこれまでを振り返ります【公式】 #市川市動植物園 #がんばれパンチ,282296,9867,108,"公式だからこその安心感
パンチ君の成長をたくさんの方が見守っています
これからも心温まる動画を楽しみにしています",0,2026-05-21T19:34:14Z
4sUtxaPqTXY,パンチくんのこれまでを振り返ります【公式】 #市川市動植物園 #がんばれパンチ,282296,9867,108,Punch的堅持與韌性，給我們鼓勵。謝謝市川市動植物園的工作人員，尤其是照顧punch的兩位飼育員，辛苦你們了。,2,2026-04-24T04:38:35Z
4sUtxaPqTXY,パンチくんのこれまでを振り返ります【公式】 #市川市動植物園 #がんばれパンチ,282296,9867,108,Thankyou so much for this lovely video.,2,2026-04-25T15:19:55Z
4sUtxaPqTXY,パンチくんのこれまでを振り返ります【公式】 #市川市動植物園 #がんばれパンチ,282296,9867,108,I could watch this 100 times every day!  This video is so adorable!  Punch is so precious and has the best caretaker Dad's in the world!  Thank you to all the kind and caring staff for taking care of Punch.  I can't go a day without thinking of Punch.  Sending love and gratitude from America! ❤❤❤,0,2026-05-12T20:02:10Z
4sUtxaPqTXY,パンチくんのこれまでを振り返ります【公式】 #市川市動植物園 #がんばれパンチ,282296,9867,108,พันซ์คุงต้องเจออะไรต่อมิอะไรที่ผ่านมาแตกต่างจากลิงเด็กตัวอื่นๆที่แม่รัก แต่ในความโชคร้ายหนูก็ยังมีพ่อตั้ง2คนคอยดูแล จนหนูอ้วนถ้วนแข็งแรง ต่อไปหนูจะต้องเป็นลิงที่โชคดีตลอดไป มีคนที่มาเยี่ยมเยือนดูว่าหนูทำอะไรทุกวันๆ จนทำให้คนได้รู้จักสวนสัตว์Ichigawaกัน  รักหนูน้าาา จากFC🇹🇭 ❤❤❤,1,2026-04-27T05:29:56Z
4sUtxaPqTXY,パンチくんのこれまでを振り返ります【公式】 #市川市動植物園 #がんばれパンチ,282296,9867,108,"ただ、ただすべての思いが涙に変わります。
せつなくて愛しいパンチ、無事に生き抜くんだよ。",1,2026-04-28T03:23:25Z
4sUtxaPqTXY,パンチくんのこれまでを振り返ります【公式】 #市川市動植物園 #がんばれパンチ,282296,9867,108,Punchi ❤,3,2026-04-26T08:29:38Z
4sUtxaPqTXY,パンチくんのこれまでを振り返ります【公式】 #市川市動植物園 #がんばれパンチ,282296,9867,108,飼育員さんが撮ったパンチくんを写真集にして発売してください🙏🏻成長記録DVD付きだとなお喜びます♡日本だけじゃなく世界中のパンチくんファンが待ってます！！市川市さんどうかお願いします！！,1,2026-04-24T03:50:03Z
4sUtxaPqTXY,パンチくんのこれまでを振り返ります【公式】 #市川市動植物園 #がんばれパンチ,282296,9867,108,飼育員さん達も頑張りました。パンチ君も勿論、もう9ヶ月ともまだ9ヶ月とも思います。身体の毛も茶色になり一歳過ぎるまであと少しもう少しゆっくり対応していけたらいいと思います。自立した瞬間!嬉しい感慨深いものになる反面、今までの経過に淋しい思いも。😂😂😂❤❤❤でもパンチ君の居場所は猿山、友達、先輩達、人間の場所ではありませんね。❤❤❤🎉🎉🎉,1,2026-04-26T01:53:21Z
4sUtxaPqTXY,パンチくんのこれまでを振り返ります【公式】 #市川市動植物園 #がんばれパンチ,282296,9867,108,ミルクを飲む姿がかわいい💖パンチくん大きくなってね！✨,0,2026-05-30T12:39:28Z
4sUtxaPqTXY,パンチくんのこれまでを振り返ります【公式】 #市川市動植物園 #がんばれパンチ,282296,9867,108,"自然界だったら命を落としていたかもしれない。でも動物園の方の手厚いサポートで全世界の人々にまで勇気と希望と愛を与える存在になりましたね。

波に乗って、グッズ販売や値上げなど他にいくらでもお金を儲ける手段やそんなお話はたくさんあったかと思います。

でも、こちらの動物園の大好きなところは
いつも飼育員のスタッフさんや動物のことを最優先した行動を徹底されているところです❤大ファンです❤❤",1,2026-04-25T09:02:50Z
4sUtxaPqTXY,パンチくんのこれまでを振り返ります【公式】 #市川市動植物園 #がんばれパンチ,282296,9867,108,BELLOO MI NIÑOO.. PUNCHI ❤❤❤❤SIGUE CRECIENDO SANO Y FUERTE CON LA AYUDA DE TUS PAPÁS HUMANOS ❤,1,2026-04-25T23:05:46Z
4sUtxaPqTXY,パンチくんのこれまでを振り返ります【公式】 #市川市動植物園 #がんばれパンチ,282296,9867,108,「パンチ」っていい名前ですよね✩.*˚,0,2026-05-08T10:29:31Z
4sUtxaPqTXY,パンチくんのこれまでを振り返ります【公式】 #市川市動植物園 #がんばれパンチ,282296,9867,108,やっぱ公式さんが１番。へんなＡＩ使ってないし。,1,2026-04-24T03:48:35Z
4sUtxaPqTXY,パンチくんのこれまでを振り返ります【公式】 #市川市動植物園 #がんばれパンチ,282296,9867,108,Punch ❤❤❤❤❤❤❤❤❤❤❤❤❤❤❤❤❤❤❤zelim da pratim tvoje odrastanje.,1,2026-04-25T03:24:14Z
4sUtxaPqTXY,パンチくんのこれまでを振り返ります【公式】 #市川市動植物園 #がんばれパンチ,282296,9867,108,"パンチくん生まれが小さいですよね。
野生では育たないかも知れない弱い個体は
母が遺棄することもある様ですね。
森🌳の中で生まれていたら、もうパンチくんの命はなかったかも知れません。
パンチくんは、生まれた時から強運の持ち主😊",1,2026-04-26T10:11:35Z
4sUtxaPqTXY,パンチくんのこれまでを振り返ります【公式】 #市川市動植物園 #がんばれパンチ,282296,9867,108,"he is a precious soul, love this little munchkin so very much🐒❣💖",2,2026-04-29T13:25:02Z
4sUtxaPqTXY,パンチくんのこれまでを振り返ります【公式】 #市川市動植物園 #がんばれパンチ,282296,9867,108,"Respect all the zookeepers,  they have ❤to the animals 👍👍👍",2,2026-04-26T23:31:21Z
4sUtxaPqTXY,パンチくんのこれまでを振り返ります【公式】 #市川市動植物園 #がんばれパンチ,282296,9867,108,"今日までよく頑張りましたね😭パンチ君の健気で明るい姿に勇気づけられています。いつもて動画配信ありがとうございます🍀これからも
パンチ君や他のおさるさん達が健やかに日々を過ごされます様に～🛐",0,2026-05-02T23:45:18Z
4sUtxaPqTXY,パンチくんのこれまでを振り返ります【公式】 #市川市動植物園 #がんばれパンチ,282296,9867,108,"パンチ君を見てると色んな感情になり学ぶものがあります✨
ただ皆さん公式だからと喜んでいますが、市の公式であって動物園では無いです。
市で運営していると聞いてますが、世界からの寄付金はどうなってるのでしょうか？
猿山で変化が見られたのはせいぜい消防らしきロープだけであとはボロボロのまま。
餌代だけでも大変だとは思いますが。
それと写真集やカレンダー、ぬいぐるみなどパンチ君グッズを出して欲しいです。
大きくなれば残念ですがブームも終わってしまいます。
今しか無いと思います。",0,2026-04-25T01:35:39Z
4sUtxaPqTXY,パンチくんのこれまでを振り返ります【公式】 #市川市動植物園 #がんばれパンチ,282296,9867,108,"動物園に行くと必ず猿山に行きます。でも今回のパンチ君の配信見て相手との関わり方の大切さや愛情は伝わるんだなと感じました。人間世界も動物達の世界にもそこには何の境も無いのだと思わせて貰いました。
動物達の見方が変わった瞬間になりました。
配信ありがとうございました。",0,2026-05-18T04:30:59Z
4sUtxaPqTXY,パンチくんのこれまでを振り返ります【公式】 #市川市動植物園 #がんばれパンチ,282296,9867,108,thank you for your sharing ❤❤🐒👍👍👍,1,2026-04-26T23:30:40Z
4sUtxaPqTXY,パンチくんのこれまでを振り返ります【公式】 #市川市動植物園 #がんばれパンチ,282296,9867,108,"大切に育てられたパンチ君
幸せだね。これからも応援します❤❤",0,2026-05-11T23:48:45Z
4sUtxaPqTXY,パンチくんのこれまでを振り返ります【公式】 #市川市動植物園 #がんばれパンチ,282296,9867,108,"貴方は🐒ほんとに飼育員さんとの、絆は、切ってもきれないですね…
自分より大きなオランママ濡れても離さず上手く2足歩行でどこに行くにも一緒パパに、しがみつき親の存在
本当に考えさせられます❤
これからも仲間と仲良く過ごして下さい応援してます😊",0,2026-04-30T21:21:53Z
4sUtxaPqTXY,パンチくんのこれまでを振り返ります【公式】 #市川市動植物園 #がんばれパンチ,282296,9867,108,"飼育員さん達の溢れる思い 努力で パンチくん🐒は産まれて9か月色々あったけど 本当に身も心💗も大きく成長しましたね🐾😊　この頃はアトマルおじいさんの他
モエちゃん達 色々な🐒さんに受け入れられ見ていても嬉しいです😃💕
いつもお世話❤ありがとうございます❇️",0,2026-05-02T07:35:59Z
4sUtxaPqTXY,パンチくんのこれまでを振り返ります【公式】 #市川市動植物園 #がんばれパンチ,282296,9867,108,今年産まれた赤ちゃん猿の事もアップしてくれると嬉しいです　日付と男女ぐらいなら支障はないのでは　待ってます😊,0,2026-05-19T14:43:01Z
4sUtxaPqTXY,パンチくんのこれまでを振り返ります【公式】 #市川市動植物園 #がんばれパンチ,282296,9867,108,今日、２回目パンチくんに会いに延々京成線に乗っていきました❗今日もお兄さんの腕に巻き付いて可愛かった。他のお猿たちともだいぶ仲良くなってた。また会いに行くからね❗,0,2026-05-02T07:18:17Z
4sUtxaPqTXY,パンチくんのこれまでを振り返ります【公式】 #市川市動植物園 #がんばれパンチ,282296,9867,108,Punch is very adorable particularly so in The shot showing him slept peacefully in the centre of the monkey enclosure.,0,2026-05-02T23:34:37Z
4sUtxaPqTXY,パンチくんのこれまでを振り返ります【公式】 #市川市動植物園 #がんばれパンチ,282296,9867,108,"パンチ❤くん😊
大好きパンチくん❤
ありがとうパンチくん❤ずーっと応援してます❤",0,2026-05-16T12:24:37Z
4sUtxaPqTXY,パンチくんのこれまでを振り返ります【公式】 #市川市動植物園 #がんばれパンチ,282296,9867,108,❤❤❤❤❤,1,2026-04-26T04:09:59Z
4sUtxaPqTXY,パンチくんのこれまでを振り返ります【公式】 #市川市動植物園 #がんばれパンチ,282296,9867,108,Heart warming ❤🥹🐒✨,1,2026-04-24T23:54:34Z
4sUtxaPqTXY,パンチくんのこれまでを振り返ります【公式】 #市川市動植物園 #がんばれパンチ,282296,9867,108,切なくて😢でも　可愛い💕,0,2026-05-02T21:37:14Z
4sUtxaPqTXY,パンチくんのこれまでを振り返ります【公式】 #市川市動植物園 #がんばれパンチ,282296,9867,108,Cute 😍,0,2026-05-03T21:23:59Z
4sUtxaPqTXY,パンチくんのこれまでを振り返ります【公式】 #市川市動植物園 #がんばれパンチ,282296,9867,108,🥰🥰🥰🥰🥰🥰❤️❤️❤️❤️❤️,0,2026-06-21T22:29:36Z
4sUtxaPqTXY,パンチくんのこれまでを振り返ります【公式】 #市川市動植物園 #がんばれパンチ,282296,9867,108,がんばれ‼️パンチ,0,2026-05-05T12:28:36Z
4sUtxaPqTXY,パンチくんのこれまでを振り返ります【公式】 #市川市動植物園 #がんばれパンチ,282296,9867,108,🥰🥰🥰🥰🥰,0,2026-05-02T15:48:59Z
4sUtxaPqTXY,パンチくんのこれまでを振り返ります【公式】 #市川市動植物園 #がんばれパンチ,282296,9867,108,"今回の猿山に侵入した件で 撮影禁止を検討してるとニュースで知りました。私は足が悪いので動植物園へ行けないので YouTubeで見るのを楽しみにしています。撮影禁止にするなら 動植物園に色々な所にカメラを設置してほしいです。勿論 少ないですが 定期的に寄付はさせていただきます。お願い致します🙏🙇
騒ぐ方々は即退園でいいと思います‼️",0,2026-05-19T03:19:23Z
4sUtxaPqTXY,パンチくんのこれまでを振り返ります【公式】 #市川市動植物園 #がんばれパンチ,282296,9867,108,Thanks Punch dads,0,2026-05-17T03:50:50Z
4sUtxaPqTXY,パンチくんのこれまでを振り返ります【公式】 #市川市動植物園 #がんばれパンチ,282296,9867,108,💜🐒🥹,0,2026-05-21T02:27:33Z
4sUtxaPqTXY,パンチくんのこれまでを振り返ります【公式】 #市川市動植物園 #がんばれパンチ,282296,9867,108,나의 영원한 아가는 펀치쿤 사랑해❤❤❤❤,0,2026-05-04T01:24:16Z
A3UiBjwT6TA,【公式】がんばれパンチと市川市動植物園〜小さな動植物園が大切にしていること〜,1197905,60626,1557,"私は高齢でパンチくんに会いに行くことは難しく動画で楽しんでいます。
パンチくんブームが去っても市川動植物園の良さに気付いた皆さんが応援してくださるよう願っています❤",3582,2026-04-21T03:04:30Z
A3UiBjwT6TA,【公式】がんばれパンチと市川市動植物園〜小さな動植物園が大切にしていること〜,1197905,60626,1557,撮りためたサル山でのパンチの成長写真をカレンダー🗓️にして市川動植物園として発売してほしいです。収益は市川動植物園の為に使う。寄付にもなりますし私達も嬉しいです,27,2026-06-11T00:53:30Z
A3UiBjwT6TA,【公式】がんばれパンチと市川市動植物園〜小さな動植物園が大切にしていること〜,1197905,60626,1557,"公式CHの動画配信ありがとうございました。
飼育員さんもご出演ありがとうございます♪
がんばれ市川動植物園❤
がんばれパンチ君❤",579,2026-04-21T04:42:40Z
A3UiBjwT6TA,【公式】がんばれパンチと市川市動植物園〜小さな動植物園が大切にしていること〜,1197905,60626,1557,飼育員さんが本当に素晴らしい,452,2026-04-22T04:28:17Z
A3UiBjwT6TA,【公式】がんばれパンチと市川市動植物園〜小さな動植物園が大切にしていること〜,1197905,60626,1557,飼育員の皆様、パンチ君を元気に育てていただいて本当に有難うございます。,571,2026-04-21T06:34:53Z
A3UiBjwT6TA,【公式】がんばれパンチと市川市動植物園〜小さな動植物園が大切にしていること〜,1197905,60626,1557,パンチくんの愛らしさはもとより、飼育員のお二人がサル山を見ていらっしゃるその「背中」に深く感動しました。,403,2026-04-30T04:49:17Z
A3UiBjwT6TA,【公式】がんばれパンチと市川市動植物園〜小さな動植物園が大切にしていること〜,1197905,60626,1557,なんか涙出た。いい意味でこのままの市川市動植物園でいてください🐒🦙🕊️,1697,2026-04-21T04:36:11Z
A3UiBjwT6TA,【公式】がんばれパンチと市川市動植物園〜小さな動植物園が大切にしていること〜,1197905,60626,1557,"飼育員さんは忙しく獣医さんは暇な動物園が理想
素敵なコメントでした
応援しています",879,2026-04-22T02:36:01Z
A3UiBjwT6TA,【公式】がんばれパンチと市川市動植物園〜小さな動植物園が大切にしていること〜,1197905,60626,1557,公式嬉しいです😊パンチくんを守ってくれてありがとうございます😊これからも大好きなパンチくんに飼育員さん応援してます📣,1069,2026-04-21T03:15:49Z
A3UiBjwT6TA,【公式】がんばれパンチと市川市動植物園〜小さな動植物園が大切にしていること〜,1197905,60626,1557,飼育員さん、いつもありがとうございます！,70,2026-05-31T22:57:27Z
A3UiBjwT6TA,【公式】がんばれパンチと市川市動植物園〜小さな動植物園が大切にしていること〜,1197905,60626,1557,"素晴らしいです！😢
パンチがいい子に育ったはずです！
パンチくんに出逢わせてもらって感謝です！❤❤❤❤",1338,2026-04-21T03:24:13Z
A3UiBjwT6TA,【公式】がんばれパンチと市川市動植物園〜小さな動植物園が大切にしていること〜,1197905,60626,1557,念願叶って先月パンチくんに会いに行きました｡パンチくんの存在感はまるで天使そのものでした👼職員の皆様、パンチくんの飼育員の方々毎日ありがとうございます｡感謝いたします｡公式配信楽しく拝見しています💕✨,31,2026-06-05T13:14:13Z
A3UiBjwT6TA,【公式】がんばれパンチと市川市動植物園〜小さな動植物園が大切にしていること〜,1197905,60626,1557,"素晴らしい内容でした😭
本当に良い飼育員さんで
この動植物園が素敵な場所だとわかります。
パンチ、ここに産まれてよかった！",2359,2026-04-21T03:15:16Z
A3UiBjwT6TA,【公式】がんばれパンチと市川市動植物園〜小さな動植物園が大切にしていること〜,1197905,60626,1557,パンチ君の成長、お兄さんの温かくて優しい解説、動植物園のあれこれなど公式チャンネルはやっぱり最強です,153,2026-05-04T15:42:43Z
A3UiBjwT6TA,【公式】がんばれパンチと市川市動植物園〜小さな動植物園が大切にしていること〜,1197905,60626,1557,"市川市役所の皆様、貴重な記録の共有に心より感謝申し上げます💕 
台湾の視聴者です。
市長や課長、園長、そして現場の飼育員の皆様が、それぞれの専門的な立場を堅持し、誠実に職務を遂行されている姿を拝見し、胸が熱くなりました。自治体が動物愛護や福祉の課題にこれほど深く向き合うことは、決して容易なことではないと存じます。
動物への愛はもちろん、子供たちのための細やかな施策にも感銘を受けました。尽力されている全ての関係者の皆様に、深く敬意を表し、拍手を送らせていただきます👏🏻👏🏻🫶🏼",1451,2026-04-21T03:24:10Z
A3UiBjwT6TA,【公式】がんばれパンチと市川市動植物園〜小さな動植物園が大切にしていること〜,1197905,60626,1557,"あふれる愛情と冷静な判断。
飼育員さんありがとう😊",190,2026-05-03T01:37:15Z
A3UiBjwT6TA,【公式】がんばれパンチと市川市動植物園〜小さな動植物園が大切にしていること〜,1197905,60626,1557,"私は、命を何回も救ってもらっています。大きな病気ばかりしていて、生きていくのがイヤになることがあります。
でも，パンチを見てガンバッテ生きている姿を見ながら自分だけではない、小さくても、つらくてもみんなと一緒に遊んでいる姿は勇気をもらっています。😊😊😊😊
ガンバレパンチ❤❤❤❤❤",736,2026-04-21T04:49:01Z
A3UiBjwT6TA,【公式】がんばれパンチと市川市動植物園〜小さな動植物園が大切にしていること〜,1197905,60626,1557,穏やかで優しくていい感じの方ですね。パンチくん達幸せだね〜,250,2026-04-25T11:55:55Z
A3UiBjwT6TA,【公式】がんばれパンチと市川市動植物園〜小さな動植物園が大切にしていること〜,1197905,60626,1557,"飼育員さんの人柄がとても素敵だと思いました！
応援してます！！",1342,2026-04-21T06:57:03Z
A3UiBjwT6TA,【公式】がんばれパンチと市川市動植物園〜小さな動植物園が大切にしていること〜,1197905,60626,1557,"松戸市民です。
パンチくんを知り
今年６回行きました。
年パスも買えたので
休日が待ち遠しい毎日です😆
静かに応援します📣",49,2026-04-22T11:28:30Z
A3UiBjwT6TA,【公式】がんばれパンチと市川市動植物園〜小さな動植物園が大切にしていること〜,1197905,60626,1557,二人の飼育員さんの限りない愛情に心から感謝します❤️,817,2026-04-21T04:45:08Z
A3UiBjwT6TA,【公式】がんばれパンチと市川市動植物園〜小さな動植物園が大切にしていること〜,1197905,60626,1557,70才の自分、パンチ君を毎日みています。元気を沢山もらい、日々一生懸命生きていかなくちゃ、って、思います。人の痛みを、分かり合える気持ちこの年になって、大切なこと、パンチ君に、教えられました。飼育員さん、身体におきおつけて、お過ごし下さい。ありがとうございます。,34,2026-05-03T10:20:26Z
A3UiBjwT6TA,【公式】がんばれパンチと市川市動植物園〜小さな動植物園が大切にしていること〜,1197905,60626,1557,"ミルク飲んでるパンチくんかわいすぎる❤❤飲みっぷりもいい！！愛情あるお宝写真ばかりで飼育員さんじゃなきゃこんなかわいい写真撮れないと思います。
公式の動画が出て本当にうれしいです",1197,2026-04-21T03:40:05Z
A3UiBjwT6TA,【公式】がんばれパンチと市川市動植物園〜小さな動植物園が大切にしていること〜,1197905,60626,1557,"こうして公式が上げてくれる事が嬉しいです！
どんどん上げてください！",337,2026-04-22T05:16:23Z
A3UiBjwT6TA,【公式】がんばれパンチと市川市動植物園〜小さな動植物園が大切にしていること〜,1197905,60626,1557,パンチに出会わせてくれてありがとうございます,288,2026-04-21T03:41:41Z
A3UiBjwT6TA,【公式】がんばれパンチと市川市動植物園〜小さな動植物園が大切にしていること〜,1197905,60626,1557,パンチは、生きることで、色んなことを私たちに伝えているような気がする✨🐵自分がこんなにも、猿に興味を持つとは思わなかった。パンチママ、産んでくれてありがとう！飼育員パパたち、育ててくれてありがとう！,132,2026-04-30T05:39:28Z
A3UiBjwT6TA,【公式】がんばれパンチと市川市動植物園〜小さな動植物園が大切にしていること〜,1197905,60626,1557,"動物園は平和の象徴です
戦争があったり国難があればすぐに動物達が影響を受けます。
だからこうやって動物に愛情を国民が注げる国は平和です。
ずっとそうあって欲しい。",586,2026-04-21T05:39:38Z
A3UiBjwT6TA,【公式】がんばれパンチと市川市動植物園〜小さな動植物園が大切にしていること〜,1197905,60626,1557,"ただ働いてるだけじゃなくてほんとにこの動物園と動物がが好きなのがすごく伝わりました。
応援したくなりますね😊",240,2026-04-22T01:55:50Z
A3UiBjwT6TA,【公式】がんばれパンチと市川市動植物園〜小さな動植物園が大切にしていること〜,1197905,60626,1557,こんにちは、チリから来ました。スペルミスがあったらご容赦ください。動物園のスタッフの皆さんのことをもっと知ることができてとても嬉しいです。パンチへの愛情とケアに心から感謝しています。遠くから、皆さんの健康を祈るとともに、素晴らしいお仕事に感謝の気持ちを伝えたいと思います。数年後にはパンチに会いに行き、日本の美しい場所を巡りたいと思っています。パンチとスタッフの皆さん、これからも頑張ってください！素敵な一日をお過ごしください！ 🇨🇱 🐒🌸🍂 ニュースで日本の地震のことを知りました。皆さんが無事で、これ以上の被害がないことを祈っています。どうぞお体に気をつけてください。諦めずに、戦い続けてください。,142,2026-04-21T03:40:19Z
A3UiBjwT6TA,【公式】がんばれパンチと市川市動植物園〜小さな動植物園が大切にしていること〜,1197905,60626,1557,"パンチ、生まれてきてくれてありがとう
ずっと大好きだよ！",11,2026-04-21T15:40:15Z
A3UiBjwT6TA,【公式】がんばれパンチと市川市動植物園〜小さな動植物園が大切にしていること〜,1197905,60626,1557,いつもありがとうございます。おふたりやスタッフの皆様方のおかげで世界中のパンチファンが癒され、楽しませていただいています❣,527,2026-04-21T03:23:11Z
A3UiBjwT6TA,【公式】がんばれパンチと市川市動植物園〜小さな動植物園が大切にしていること〜,1197905,60626,1557,"パンチくん…
この動物園で生まれて良かったね
動物達は幸せだと思います",109,2026-04-22T22:52:01Z
A3UiBjwT6TA,【公式】がんばれパンチと市川市動植物園〜小さな動植物園が大切にしていること〜,1197905,60626,1557,"パンチ君の賢さは
パパ達のおかげです
愛情深く育てて
頂いてありがとう
ございます
会いに行きたいです❤",474,2026-04-21T03:51:29Z
A3UiBjwT6TA,【公式】がんばれパンチと市川市動植物園〜小さな動植物園が大切にしていること〜,1197905,60626,1557,こんな素晴らしい飼育員さんに育てられたパンチ君、本当に幸せだと思います。飼育員さん、ありがとう😊,25,2026-04-23T04:32:53Z
A3UiBjwT6TA,【公式】がんばれパンチと市川市動植物園〜小さな動植物園が大切にしていること〜,1197905,60626,1557,"お猿さんがこんなに可愛いと思っていませんでした😊
飼育員さん達もどうぞお身体を大切にして、たくさんの動物さん達のお世話をよろしくお願いいたします😊",274,2026-04-21T06:45:09Z
A3UiBjwT6TA,【公式】がんばれパンチと市川市動植物園〜小さな動植物園が大切にしていること〜,1197905,60626,1557,市川市動植物園の皆さんが、パンチをこんなに大切に育ててくださって、本当にありがとうございます。,10,2026-04-21T13:06:41Z
A3UiBjwT6TA,【公式】がんばれパンチと市川市動植物園〜小さな動植物園が大切にしていること〜,1197905,60626,1557,"やっとミルクを飲むパンチくんが見られましたね🥺
可愛すぎます💓💓💓",750,2026-04-21T02:57:35Z
A3UiBjwT6TA,【公式】がんばれパンチと市川市動植物園〜小さな動植物園が大切にしていること〜,1197905,60626,1557,"コメントの全てがなんてすばらしいのでしょう
こちらの動物園が人気になるのが納得です",17,2026-05-28T03:03:19Z
A3UiBjwT6TA,【公式】がんばれパンチと市川市動植物園〜小さな動植物園が大切にしていること〜,1197905,60626,1557,どれだけ多くの勇気をいただいたか分かりません。パンチくんの元気な姿を見ることが、日々の楽しみとなっています。これからも、その成長を楽しみに見守っていきたいです。,311,2026-04-21T03:08:51Z
A3UiBjwT6TA,【公式】がんばれパンチと市川市動植物園〜小さな動植物園が大切にしていること〜,1197905,60626,1557,パンチを天真爛漫な可愛いお猿さんに育てられたお二人の飼育員さんには感謝しかありませんね。,8,2026-04-21T12:04:45Z
A3UiBjwT6TA,【公式】がんばれパンチと市川市動植物園〜小さな動植物園が大切にしていること〜,1197905,60626,1557,"やっぱり公式での配信が1番！
貴重な動画ありがとうございます！
市川市動植物園は何度か伺ってますが宮腰さんの仰っているようにほのぼのしてのんびりできる素敵な動物園でした！",529,2026-04-21T03:58:58Z
A3UiBjwT6TA,【公式】がんばれパンチと市川市動植物園〜小さな動植物園が大切にしていること〜,1197905,60626,1557,"パンチくんは日本に居なくなったパンダの代わりになれると思います。
優しい園長さんはじめスタッフの方々に感謝です
市の公式チャンネルにあけてくれて有り難うございます。🥰🎉🍀",26,2026-04-22T16:18:05Z
A3UiBjwT6TA,【公式】がんばれパンチと市川市動植物園〜小さな動植物園が大切にしていること〜,1197905,60626,1557,公式さんにお伺いします。パンチファンの間ではモエとモミアゲの名前に混乱が生じています。多くの人々がオレンジ色の毛でパンチより少し大きい子がモエで、それより大きいいつもパンチを背中に乗せている灰色の毛の子がモミアゲと認識してますが、実はモエとモミアゲが逆でみんな誤認しているというコメントもあります。灰色の子がパンチの母親と同じ歳で、パンチが群れに入る前に同居していたモエだとすると、彼女のパンチに対する母猿が子猿にするような愛情深い行動に自分としては納得がいくのですが、モエは他の同年の猿より小柄だという情報もあり、じゃあやっぱりオレンジの子がモエ？と混乱してしいます。本当のところはどうなんでしょうか？,31,2026-04-21T03:29:09Z
A3UiBjwT6TA,【公式】がんばれパンチと市川市動植物園〜小さな動植物園が大切にしていること〜,1197905,60626,1557,"泣いてしまいました。。
パンチくん本当に良いところで生まれて育ったね！
いつか必ず伺いたいです！！",18,2026-04-21T15:48:20Z
A3UiBjwT6TA,【公式】がんばれパンチと市川市動植物園〜小さな動植物園が大切にしていること〜,1197905,60626,1557,"飼育員さん撮影だと思いますが見たことのないパンチの魅力いっぱいのお宝ショットばかり❤
パンチがかわいいのはもちろんのこと、飼育員さんが動物達を大切にしていて飼育員さん同士の仲のよさも伝わってきて営利目的でもなく全てが魅力的な動物園！",842,2026-04-21T03:02:15Z
A3UiBjwT6TA,【公式】がんばれパンチと市川市動植物園〜小さな動植物園が大切にしていること〜,1197905,60626,1557,ありがとう飼育員さん👍🙏👌🐒かわいい🩷パンチ君を一生懸命育てて見守って感謝しています♪世界中に感動と生きる素晴らしさを与えてくださりありがとうございます♪,14,2026-05-13T07:35:33Z
A3UiBjwT6TA,【公式】がんばれパンチと市川市動植物園〜小さな動植物園が大切にしていること〜,1197905,60626,1557,シェアしていただき本当にありがとうございます🙏 香港のパンチーファンからの感動的な映像です❤️🐒,44,2026-04-21T04:42:00Z
A3UiBjwT6TA,【公式】がんばれパンチと市川市動植物園〜小さな動植物園が大切にしていること〜,1197905,60626,1557,飼育員さんの若いのに分かりやすい穏やかな説明と品の良さを感じます。,4,2026-06-18T08:21:45Z
A3UiBjwT6TA,【公式】がんばれパンチと市川市動植物園〜小さな動植物園が大切にしていること〜,1197905,60626,1557,この小さな園の職員さん方の士気の高さや園としての理念の浸透が非常に深く伝わる動画です。配信ありがとう。,403,2026-04-21T04:31:22Z
A3UiBjwT6TA,【公式】がんばれパンチと市川市動植物園〜小さな動植物園が大切にしていること〜,1197905,60626,1557,サムネのパンチくんと飼育員さんの写真が素敵すぎて何度でも来てしまいます。。,25,2026-05-13T14:37:59Z
A3UiBjwT6TA,【公式】がんばれパンチと市川市動植物園〜小さな動植物園が大切にしていること〜,1197905,60626,1557,当方、コロナ禍に日本一周した際に市川動物園さんにお邪魔いたしました。全体が手作り感に溢れて職員さんたちが仲良く声を掛けあっておられた印象でした。パンチ君のブレークも起きるべくして起きた感じがします。旅行者が選ぶ日本一の動物園になって下さい❣️🌺,82,2026-04-21T05:21:07Z
A3UiBjwT6TA,【公式】がんばれパンチと市川市動植物園〜小さな動植物園が大切にしていること〜,1197905,60626,1557,"涙が出るほど、優しいお兄さん。
これからもいろんな動物達とパンチを、よろしくお願いします。",36,2026-04-22T12:05:44Z
A3UiBjwT6TA,【公式】がんばれパンチと市川市動植物園〜小さな動植物園が大切にしていること〜,1197905,60626,1557,めちゃくちゃいい動画でした。赤ちゃんパンチくんや他の動物さんも可愛くて、飼育員さんのお話に心打たれました。号泣ですよ😭😭😭いつもありがとうございます💕,385,2026-04-21T03:46:06Z
A3UiBjwT6TA,【公式】がんばれパンチと市川市動植物園〜小さな動植物園が大切にしていること〜,1197905,60626,1557,車で10分くらいのところに住んでいます。今は成人していますが、我が子が小さい頃は家族でミニSL目当てで何度も動植物園に出かけました。なので世界的に市川市動植物園がバズッているのには驚きました！近いからいつでもパンチ君見に行けると思いつつ、きっと動画で見るほうが表情や、細かい様子がよくわかると思い行かないまま過ぎています。これからもパンチ君やほかの動物たちをよろしくお願いいたします。,32,2026-04-22T08:43:23Z
A3UiBjwT6TA,【公式】がんばれパンチと市川市動植物園〜小さな動植物園が大切にしていること〜,1197905,60626,1557,"感動しました🥹💕
大事に大事に育てて貰ってるパンチくん、ママの愛情は無くともいっぱいの愛情を貰えて良かった😭",84,2026-04-21T05:48:19Z
A3UiBjwT6TA,【公式】がんばれパンチと市川市動植物園〜小さな動植物園が大切にしていること〜,1197905,60626,1557,パンチ君が猿社会で頑張って生きている姿を見たら、ものすごく癒され、励まされています。,93,2026-05-02T07:54:44Z
A3UiBjwT6TA,【公式】がんばれパンチと市川市動植物園〜小さな動植物園が大切にしていること〜,1197905,60626,1557,ミルク飲んでるパンチくん可愛すぎ🍼,509,2026-04-21T03:45:17Z
A3UiBjwT6TA,【公式】がんばれパンチと市川市動植物園〜小さな動植物園が大切にしていること〜,1197905,60626,1557,この若さでしっかりされていて…人生何周目の飼育員さん、2人なんだい？って思います😊,139,2026-04-26T06:50:24Z
A3UiBjwT6TA,【公式】がんばれパンチと市川市動植物園〜小さな動植物園が大切にしていること〜,1197905,60626,1557,"苦労も苦労と思わない飼育員さんの頑張りが動物園を支えているのですね！
素晴らしい話ししてくれてありがとうございます。",167,2026-04-21T04:38:09Z
A3UiBjwT6TA,【公式】がんばれパンチと市川市動植物園〜小さな動植物園が大切にしていること〜,1197905,60626,1557,赤ちゃんパンチの大きな目の中に、パンチの写真を撮る飼育員さんの姿が映ってて尊い,30,2026-04-21T18:40:16Z
A3UiBjwT6TA,【公式】がんばれパンチと市川市動植物園〜小さな動植物園が大切にしていること〜,1197905,60626,1557,素晴らしい〜飼育員のお兄さん➖💖,629,2026-04-21T03:20:10Z
A3UiBjwT6TA,【公式】がんばれパンチと市川市動植物園〜小さな動植物園が大切にしていること〜,1197905,60626,1557,"ありがとうございます❤❤❤
皆さん頑張ってください💪🏻💪🏻💪🏻",10,2026-05-11T15:17:52Z
A3UiBjwT6TA,【公式】がんばれパンチと市川市動植物園〜小さな動植物園が大切にしていること〜,1197905,60626,1557,私もパンチくんの切り替えの早さは見習いたいと思ってます。かわいくて勇気のあるパンチくんだからこんなに愛されているんだね☺,207,2026-04-21T07:15:30Z
A3UiBjwT6TA,【公式】がんばれパンチと市川市動植物園〜小さな動植物園が大切にしていること〜,1197905,60626,1557,飼育員さんお二人とも、話し方にインテリジェンスを感じます。,27,2026-05-26T02:01:35Z
A3UiBjwT6TA,【公式】がんばれパンチと市川市動植物園〜小さな動植物園が大切にしていること〜,1197905,60626,1557,"関わってらっしゃる皆様に感謝申し上げます。いつか、ほのぼの市川動植物園に行きたいです💐
頑張ってください💐",256,2026-04-21T03:49:39Z
A3UiBjwT6TA,【公式】がんばれパンチと市川市動植物園〜小さな動植物園が大切にしていること〜,1197905,60626,1557,さすが公式。パンチくんの写真がまずちがう✨️あとは飼育員さんがパンチくんについて語るインタビューも貴重ですね😊,121,2026-04-21T12:58:47Z
A3UiBjwT6TA,【公式】がんばれパンチと市川市動植物園〜小さな動植物園が大切にしていること〜,1197905,60626,1557,"物事の捉え方、感じ方にすごく感銘しました❣
市川動物園の子たち幸せですね🥰💕💕",472,2026-04-21T03:42:31Z
A3UiBjwT6TA,【公式】がんばれパンチと市川市動植物園〜小さな動植物園が大切にしていること〜,1197905,60626,1557,"二人のパパがパンチくんにたくさんの愛情を注いで育てたので、パンチくんは自分に自信持て、めげずにチャレンジ繰り返して猿山に馴染んできたんですね。
涙でます。",32,2026-04-21T23:32:28Z
A3UiBjwT6TA,【公式】がんばれパンチと市川市動植物園〜小さな動植物園が大切にしていること〜,1197905,60626,1557,飼育員の方々が私の大好きなパンチを大切に世話してくれて本当にありがとうございます。お二人の飼育員さんもとても素敵な方です。そして、私のパンチはとても愛らしいサルです。,26,2026-04-21T06:04:16Z
A3UiBjwT6TA,【公式】がんばれパンチと市川市動植物園〜小さな動植物園が大切にしていること〜,1197905,60626,1557,"パンチ君✨これからも世界中の人をHappyにしてね🩷

市川市動植物園の皆様の愛と慈しみに、たくさんのいいね送ります❤
これからも応援しています。",5,2026-04-22T23:43:13Z
A3UiBjwT6TA,【公式】がんばれパンチと市川市動植物園〜小さな動植物園が大切にしていること〜,1197905,60626,1557,ありがとう❤,216,2026-04-21T05:00:09Z
A3UiBjwT6TA,【公式】がんばれパンチと市川市動植物園〜小さな動植物園が大切にしていること〜,1197905,60626,1557,応援してます・市川市動植物園の職員の皆様💓,66,2026-05-22T08:26:45Z
A3UiBjwT6TA,【公式】がんばれパンチと市川市動植物園〜小さな動植物園が大切にしていること〜,1197905,60626,1557,パンチをこんなにも大切に育ててくださった飼育員の皆様に心から感謝申し上げます。パンチのおかげで、これまでサルについて何も知らなかった、あるいはサルが嫌いだった世界中の多くの人々が、サルについて学び始め、やがてサルを愛するようになりました。パンチは多くの人々に動物園への愛を育んでくれたのです。また、宮腰先生和鹿野先生、動物たちへのプロフェッショナルなケアに心から感謝いたします。お二人のプロ意識と優しさは、世界中の人々に希望を与えてくれました。これからも動物園を応援し続けます。本当にありがとうございました！,46,2026-04-21T05:13:57Z
A3UiBjwT6TA,【公式】がんばれパンチと市川市動植物園〜小さな動植物園が大切にしていること〜,1197905,60626,1557,飼育員さんいつもいつもありがとうございますパンチくんはかしこいからいつまでも応援してます。🎉,9,2026-05-29T12:04:35Z
A3UiBjwT6TA,【公式】がんばれパンチと市川市動植物園〜小さな動植物園が大切にしていること〜,1197905,60626,1557,一日中、動物達を見て、癒されて楽しませて貰ったりしながら、自然を感じて過ごせる素敵な動物園だと思いました。ブームが過ぎても行きたいなって思います。応援しています。,264,2026-04-21T02:59:20Z
A3UiBjwT6TA,【公式】がんばれパンチと市川市動植物園〜小さな動植物園が大切にしていること〜,1197905,60626,1557,先日のこどもの日、パンチ君に会いに行きました🙌遠くからでしたけど小さかったですね🎵🎉😂市川市動植物園の皆様、頑張ってください👍️応援してます‼️,17,2026-05-09T11:31:33Z
A3UiBjwT6TA,【公式】がんばれパンチと市川市動植物園〜小さな動植物園が大切にしていること〜,1197905,60626,1557,"パンチくん✨ただただパンチくんを
ぎゅっと抱きしめてあげたい😣🍀
飼育員さん✨毎日みんなのお世話を
ありがとうございます🍀
頑張ってください😆ずっと
応援してます✨✨✨",124,2026-04-21T03:16:34Z
A3UiBjwT6TA,【公式】がんばれパンチと市川市動植物園〜小さな動植物園が大切にしていること〜,1197905,60626,1557,いつかパンチくんがボスになり、てっぺんにいるのを見たいです。それまで元気でいなくては。,11,2026-05-01T14:40:17Z
A3UiBjwT6TA,【公式】がんばれパンチと市川市動植物園〜小さな動植物園が大切にしていること〜,1197905,60626,1557,これが公式なので良いですね👌,278,2026-04-21T07:37:28Z
A3UiBjwT6TA,【公式】がんばれパンチと市川市動植物園〜小さな動植物園が大切にしていること〜,1197905,60626,1557,飼育員の方のお人柄が素晴らしいしX担当者の方も優しい文章で凄く良い,29,2026-04-22T09:38:38Z
A3UiBjwT6TA,【公式】がんばれパンチと市川市動植物園〜小さな動植物園が大切にしていること〜,1197905,60626,1557,飼育員さんもSNS広報さんも素晴らしい方達で、なんの心配も無く応援できることがうれしい。がんばれパンチ,27,2026-04-21T09:39:50Z
A3UiBjwT6TA,【公式】がんばれパンチと市川市動植物園〜小さな動植物園が大切にしていること〜,1197905,60626,1557,"飼育員さんが「パンチが繋いでくれた貴重な経験、、、」そう嬉しそうに話されるのを何度も見ていていつも思うんです。パンチくんのママが命がけで守り抜いてくれた、かけがえのない小さな命のバトンを
しっかり受け取って繋いでくださってる。これからも、、、
そのおかげでパンチくんから元気や挫けない心、優しさとはなど
たくさん教えてもらえています。パンチくんママに、あなたの息子はこんなにいい子に育ってますよ～そう言ってあげたい。飼育員さん
お疲れ出てませんか?ご自愛くださいね。ありがとうございます。",11,2026-05-24T06:18:50Z
A3UiBjwT6TA,【公式】がんばれパンチと市川市動植物園〜小さな動植物園が大切にしていること〜,1197905,60626,1557,"とっても素敵な動画でした🐒🍼
パンチくんがごくごくミルクを飲む姿もとっても貴重な映像🐒🍼
飼育員さんの仕事のやりがいも凄く伝わってくる内容でした👏",162,2026-04-21T04:46:47Z
A3UiBjwT6TA,【公式】がんばれパンチと市川市動植物園〜小さな動植物園が大切にしていること〜,1197905,60626,1557,2人の飼育員がこのまま今まで通り、動物達と幸せに過ごせますように,4,2026-04-24T04:25:29Z
A3UiBjwT6TA,【公式】がんばれパンチと市川市動植物園〜小さな動植物園が大切にしていること〜,1197905,60626,1557,"素晴らしい動画です😢
永久保存版‼️",289,2026-04-21T07:34:04Z
A3UiBjwT6TA,【公式】がんばれパンチと市川市動植物園〜小さな動植物園が大切にしていること〜,1197905,60626,1557,"この動画を見て、世界中で動物園が「見せもの」ではなく、「生命の尊さを学ぶ場」だと理解する人が増えればいいなと思います。
本来動物園はそういう場所です。
市川市動植物園の献身と動物達の生命力の強さを通して、世界中の多くの子供達が動物園の飼育員になるという夢を抱く、そんな世界になってほしいと願います。",17,2026-05-20T20:53:31Z
A3UiBjwT6TA,【公式】がんばれパンチと市川市動植物園〜小さな動植物園が大切にしていること〜,1197905,60626,1557,"素晴らしいです！
こんな貴重な動画を配信してくれてありがとうございます。",226,2026-04-21T04:58:25Z
A3UiBjwT6TA,【公式】がんばれパンチと市川市動植物園〜小さな動植物園が大切にしていること〜,1197905,60626,1557,"本当に動物が好きでなければ出来ない仕事だと思います
動物が相手だから汚れ仕事も多いし悲しい別れもあるでしょう
お若い人達が頑張ってる動植物園をこれからも応援したいと思います
素敵な飼育員さんいつもありがとうございます😊❤",58,2026-04-23T10:13:12Z
A3UiBjwT6TA,【公式】がんばれパンチと市川市動植物園〜小さな動植物園が大切にしていること〜,1197905,60626,1557,本当に素晴らしい動物園で、パンチくんをきっかけにこうやって知ることができとても嬉しいです。夏にパンチくんと市川動植物園の皆様に会いに行きたいと思っています！応援しています。がんばれパンチ！,173,2026-04-21T03:12:37Z
A3UiBjwT6TA,【公式】がんばれパンチと市川市動植物園〜小さな動植物園が大切にしていること〜,1197905,60626,1557,本当に優しい方なんだろうなー😭✨✨✨,96,2026-05-01T13:58:06Z
A3UiBjwT6TA,【公式】がんばれパンチと市川市動植物園〜小さな動植物園が大切にしていること〜,1197905,60626,1557,Panchi真的太可愛了，辛苦飼養員哥哥把Panchi由小baby照顧到現在健康成長，看得出飼養員哥哥對他們的工作充滿熱情和喜愛。感激你們照顧Panchi,63,2026-04-21T05:45:48Z
A3UiBjwT6TA,【公式】がんばれパンチと市川市動植物園〜小さな動植物園が大切にしていること〜,1197905,60626,1557,"パンチくんが家族のように繋いでくれたお客さんと動物園。
これからも応援してます。",19,2026-04-23T12:09:40Z
A3UiBjwT6TA,【公式】がんばれパンチと市川市動植物園〜小さな動植物園が大切にしていること〜,1197905,60626,1557,パンチ君が大好きです。パンチ君の頑張り成長が楽しみです。ずっとパンチ君の成長を伝えて欲しいです。,106,2026-04-21T07:31:35Z
A3UiBjwT6TA,【公式】がんばれパンチと市川市動植物園〜小さな動植物園が大切にしていること〜,1197905,60626,1557,"お兄さんのインタビュー嬉しいです❤パンチ君を育ててくれてありがとうございます😊
パンチ君だけじゃなく、飼育員さんお二人の人柄がこれだけの人気に繋がったのだと思います❤
がんばれパンチ👊",16,2026-04-23T12:22:55Z
A3UiBjwT6TA,【公式】がんばれパンチと市川市動植物園〜小さな動植物園が大切にしていること〜,1197905,60626,1557,素晴らしい動画が温かみが溢れています。パンチくんに出会えたことに感謝。パンチくんは、素直な優しくて強い子に育っています。飼育員さんたちの愛情の賜物です🫶,69,2026-04-21T07:22:23Z
A3UiBjwT6TA,【公式】がんばれパンチと市川市動植物園〜小さな動植物園が大切にしていること〜,1197905,60626,1557,子育でが難しくなったという言い回しが良いですね。お母さんは決して放棄したんではないです🐵,17,2026-04-21T16:12:31Z
A3UiBjwT6TA,【公式】がんばれパンチと市川市動植物園〜小さな動植物園が大切にしていること〜,1197905,60626,1557,我是台灣人，太喜歡這個動物園愛護動物的態度。,75,2026-04-21T04:16:10Z
A3UiBjwT6TA,【公式】がんばれパンチと市川市動植物園〜小さな動植物園が大切にしていること〜,1197905,60626,1557,"とってもいい動画でした。
パンチや他の動物達の写真や動画はどれも愛らしく、撮影者の動物への愛情や想いが溢れていたと思います。",43,2026-04-21T12:26:54Z
A3UiBjwT6TA,【公式】がんばれパンチと市川市動植物園〜小さな動植物園が大切にしていること〜,1197905,60626,1557,気持ちがすごく暖かくなりました,119,2026-04-21T04:07:31Z
A3UiBjwT6TA,【公式】がんばれパンチと市川市動植物園〜小さな動植物園が大切にしていること〜,1197905,60626,1557,"こんなになるとは思ってなかった、オトメの頃よりも更に前から幼かった息子ら連れて通った動物園。
これからも頑張ってください。",9,2026-05-08T06:44:37Z
dL1NT75-x04,【公式】市川市のNo.1絶景が決定！いちかわ景観100選 総選挙,37956,347,11,本八幡に4年間住んでいました。もう10年程前のことです。高校卒業して東京の大学に通う為に本八幡を選んで本当に良かったです。全てが別世界でしたが、西友やドンキ、ニッケコルトンプラザがあってとても住心地が良かったです。今でもたまに大学からの帰りで夕陽に染まった本八幡駅周辺のビル群の情景を夢に見ます。白が基本なのでそこに淡いオレンジや黄色の夕陽の光が差すと、どこかノスタルジックな雰囲気に感じて好きです。現在は地元青森の八戸に戻ったので、もうあの頃のあの景色は遠い存在ですが、一生の宝ものです。,23,2024-12-29T12:42:57Z
dL1NT75-x04,【公式】市川市のNo.1絶景が決定！いちかわ景観100選 総選挙,37956,347,11,"行徳在住の市川市民です。お二人とも公務員のようですが、カメラを前にしてとても自然に話されていることに驚きました。
何度も練習を重ねたのでしょう。その成果は、充分に表れていると思います。
市川市民にもかかわらず、行ったことのない場所が紹介されており、とても良い企画だったと思います。
そこで、一つ提案です。
歴史の流れに沿って市川市を紹介しては如何でしょうか？
今回も、縄文時代の姥山貝塚、奈良時代の国府台、家康が歩いたといわれる権現道などが紹介されていましたが、多くの場合「点」として紹介されます。
これを年表のように流れとして紹介していくと、私たちの街に対する理解と愛着が深まると考えます。
また、行徳の「権現道」を例にとると、ただ家康が通った、というだけでなく江戸城からどんなルートで行徳を通ったのか、また、どこへ何をしに向かったのか、などを説明することが大切だと思います。さらに国府台は歴史が重層する場所です。最近、奈良時代の国府跡の調査が進んでいるようですが、この地は奈良時代から戦時中の陸軍病院に至るまで歴史が重層しています。陸軍病院に関しては戦地で精神を病んだ兵士がここに収容されたものの、終戦とともに貴重なカルテなどを破棄するよう軍の指示があった。しかし、心ある医師たちはドラム缶に入れて残し、その後、精神治療の貴重な資料になったそうです。行政としては難しいかもしれませんが、こうした「負の遺跡」も覆うことなく見つめることが信頼されるポイントかと。
　妙典から行徳にかけては江戸期（それ以前？）から大正初期まで「塩づくり」がされていましたね。専売公社の発足とともに、どのようにして、この地から「塩づくり」が消えたか等も興味深いところです。
　何人もの歴史家の協力が必要ですし、動画で簡単に紹介するのは難しいかと思いますが、場合によっては書籍の刊行も必要かと思います。
　勝手な感想と提案で失礼しましたm(__)m",16,2024-12-19T15:05:10Z
dL1NT75-x04,【公式】市川市のNo.1絶景が決定！いちかわ景観100選 総選挙,37956,347,11,離れてみて地元が素晴らしい街になっている。同級生やお子さんの未来に繋がることを願います。皆で遊んだ場所が素晴らしい景色に。感動します,4,2025-05-13T03:47:13Z
dL1NT75-x04,【公式】市川市のNo.1絶景が決定！いちかわ景観100選 総選挙,37956,347,11,"母なる川、江戸川に包み込まれた自然豊かな市。
若宮小学校在学中の頃、学校行事で大町自然の家で泊まったなー。",0,2026-05-31T02:13:59Z
dL1NT75-x04,【公式】市川市のNo.1絶景が決定！いちかわ景観100選 総選挙,37956,347,11,真間小〜第一中学校を出た俺から見ても、大体そんな感じですねｗ　須和田公園や郭沫若記念公園も入っていたかな？　市川大野辺りのマンションから見えるTDLの花火もなかなか良い。　あと、あの辺の起伏のある道をバイクで走るのも気持ちが良いです。　緑も多いからね。,5,2025-01-03T16:05:52Z
dL1NT75-x04,【公式】市川市のNo.1絶景が決定！いちかわ景観100選 総選挙,37956,347,11,京成線の国府台駅を降りて、左手に曲がるとすぐに江戸川へ通ずる細い道があります。そこを通って江戸川へ出ると国府台の景色が見えます。晴れた風のない日には川面が湖面のように輝き、国府台の森と合わせて美しい風景画を見ているような気持ちになります。どのような風景画も及ばない風景画です。,2,2025-05-24T00:33:47Z
dL1NT75-x04,【公式】市川市のNo.1絶景が決定！いちかわ景観100選 総選挙,37956,347,11,行ってみたいです。交通路、教えて下さい♪,3,2024-12-28T12:57:33Z
dL1NT75-x04,【公式】市川市のNo.1絶景が決定！いちかわ景観100選 総選挙,37956,347,11,小学校の時、１年しか居なかったけど、今でも１時間以上電車に乗って、じゅんさい池まで、年に２、３回来ています。しかし国府台の商店街は全滅ですね。皆さん何処で買い物しているんでしょうかね。市川では今でもジャンケンをする時、チ、ケ、タと言ってやっているんでしょうか?,4,2025-04-16T09:46:09Z
dL1NT75-x04,【公式】市川市のNo.1絶景が決定！いちかわ景観100選 総選挙,37956,347,11,市川はえぇところじゃな。天晴！,4,2024-12-28T11:13:55Z
dL1NT75-x04,【公式】市川市のNo.1絶景が決定！いちかわ景観100選 総選挙,37956,347,11,江戸川、里見公園、じゅんさい池はセットです,5,2025-04-16T09:49:35Z
dL1NT75-x04,【公式】市川市のNo.1絶景が決定！いちかわ景観100選 総選挙,37956,347,11,１位は予想出来たケド、６位の江戸川と４位の江戸川の眺めは何処が違うの？？アイリンクは２２時まで開いてるから、無料だしスカイツリーに行くまでもない('ω')ノ,3,2025-01-02T14:02:13Z
