Location,Type
Forest A,Allomyrina dichotoma
Forest A,Allomyrina dichotoma
Forest A,Allomyrina dichotoma
Forest A,Allomyrina dichotoma
Forest A,Allomyrina dichotoma
Forest A,Allomyrina dichotoma
Forest A,Allomyrina dichotoma
Forest A,Allomyrina dichotoma
Forest A,Allomyrina dichotoma
Forest A,Allomyrina dichotoma
Forest A,Allomyrina dichotoma
Forest A,Allomyrina dichotoma
Forest A,Allomyrina dichotoma
Forest A,Allomyrina dichotoma
Forest A,Allomyrina dichotoma
Forest A,Allomyrina dichotoma
Forest A,Allomyrina dichotoma
Forest A,Allomyrina dichotoma
Forest A,Allomyrina dichotoma
Forest A,Allomyrina dichotoma
Forest A,Allomyrina dichotoma
Forest A,Allomyrina dichotoma
Forest A,Allomyrina dichotoma
Forest A,Allomyrina dichotoma
Forest A,Allomyrina dichotoma
Forest A,Allomyrina dichotoma
Forest A,Allomyrina dichotoma
Forest A,Allomyrina dichotoma
Forest A,Allomyrina dichotoma
Forest A,Allomyrina dichotoma
Forest A,Allomyrina dichotoma
Forest A,Allomyrina dichotoma
Forest A,Allomyrina dichotoma
Forest A,Allomyrina dichotoma
Forest A,Allomyrina dichotoma
Forest A,Allomyrina dichotoma
Forest A,Allomyrina dichotoma
Forest A,Allomyrina dichotoma
Forest A,Allomyrina dichotoma
Forest A,Allomyrina dichotoma
Forest A,Allomyrina dichotoma
Forest A,Allomyrina dichotoma
Forest A,Allomyrina dichotoma
Forest A,Allomyrina dichotoma
Forest A,Allomyrina dichotoma
Forest A,Allomyrina dichotoma
Forest A,Allomyrina dichotoma
Forest A,Dynastes hercules
Forest A,Dynastes hercules
Forest A,Dynastes hercules
Forest A,Dynastes hercules
Forest A,Dynastes hercules
Forest A,Dynastes hercules
Forest A,Dynastes hercules
Forest A,Dynastes hercules
Forest A,Dynastes hercules
Forest A,Dynastes hercules
Forest A,Dynastes hercules
Forest A,Dynastes hercules
Forest A,Megasoma elephas
Forest A,Megasoma elephas
Forest A,Megasoma elephas
Forest A,Megasoma elephas
Forest A,Megasoma elephas
Forest A,Megasoma elephas
Forest A,Chalcosoma atlas
Forest A,Chalcosoma atlas
Forest A,Chalcosoma atlas
Forest A,Chalcosoma atlas
Forest A,Chalcosoma atlas
Forest A,Chalcosoma atlas
Forest A,Chalcosoma atlas
Forest A,Chalcosoma atlas
Forest A,Chalcosoma atlas
Forest A,Chalcosoma atlas
Forest A,Chalcosoma atlas
Forest B,Allomyrina dichotoma
Forest B,Allomyrina dichotoma
Forest B,Allomyrina dichotoma
Forest B,Allomyrina dichotoma
Forest B,Allomyrina dichotoma
Forest B,Allomyrina dichotoma
Forest B,Allomyrina dichotoma
Forest B,Allomyrina dichotoma
Forest B,Allomyrina dichotoma
Forest B,Allomyrina dichotoma
Forest B,Allomyrina dichotoma
Forest B,Allomyrina dichotoma
Forest B,Allomyrina dichotoma
Forest B,Allomyrina dichotoma
Forest B,Dynastes hercules
Forest B,Dynastes hercules
Forest B,Dynastes hercules
Forest B,Dynastes hercules
Forest B,Dynastes hercules
Forest B,Dynastes hercules
Forest B,Dynastes hercules
Forest B,Dynastes hercules
Forest B,Dynastes hercules
Forest B,Dynastes hercules
Forest B,Dynastes hercules
Forest B,Dynastes hercules
Forest B,Dynastes hercules
Forest B,Dynastes hercules
Forest B,Dynastes hercules
Forest B,Dynastes hercules
Forest B,Dynastes hercules
Forest B,Dynastes hercules
Forest B,Dynastes hercules
Forest B,Dynastes hercules
Forest B,Dynastes hercules
Forest B,Dynastes hercules
Forest B,Dynastes hercules
Forest B,Dynastes hercules
Forest B,Dynastes hercules
Forest B,Dynastes hercules
Forest B,Dynastes hercules
Forest B,Dynastes hercules
Forest B,Dynastes hercules
Forest B,Dynastes hercules
Forest B,Dynastes hercules
Forest B,Dynastes hercules
Forest B,Dynastes hercules
Forest B,Dynastes hercules
Forest B,Dynastes hercules
Forest B,Dynastes hercules
Forest B,Dynastes hercules
Forest B,Dynastes hercules
Forest B,Dynastes hercules
Forest B,Dynastes hercules
Forest B,Dynastes hercules
Forest B,Dynastes hercules
Forest B,Dynastes hercules
Forest B,Megasoma elephas
Forest B,Megasoma elephas
Forest B,Megasoma elephas
Forest B,Megasoma elephas
Forest B,Megasoma elephas
Forest B,Megasoma elephas
Forest B,Megasoma elephas
Forest B,Megasoma elephas
Forest B,Chalcosoma atlas
Forest B,Chalcosoma atlas
Forest B,Chalcosoma atlas
Forest B,Chalcosoma atlas
Forest B,Chalcosoma atlas
Forest B,Chalcosoma atlas
Forest B,Chalcosoma atlas
Forest B,Chalcosoma atlas
Forest B,Chalcosoma atlas
Forest C,Allomyrina dichotoma
Forest C,Allomyrina dichotoma
Forest C,Allomyrina dichotoma
Forest C,Allomyrina dichotoma
Forest C,Allomyrina dichotoma
Forest C,Allomyrina dichotoma
Forest C,Allomyrina dichotoma
Forest C,Allomyrina dichotoma
Forest C,Allomyrina dichotoma
Forest C,Allomyrina dichotoma
Forest C,Allomyrina dichotoma
Forest C,Dynastes hercules
Forest C,Dynastes hercules
Forest C,Dynastes hercules
Forest C,Dynastes hercules
Forest C,Dynastes hercules
Forest C,Dynastes hercules
Forest C,Dynastes hercules
Forest C,Dynastes hercules
Forest C,Megasoma elephas
Forest C,Megasoma elephas
Forest C,Megasoma elephas
Forest C,Megasoma elephas
Forest C,Megasoma elephas
Forest C,Megasoma elephas
Forest C,Megasoma elephas
Forest C,Megasoma elephas
Forest C,Megasoma elephas
Forest C,Megasoma elephas
Forest C,Megasoma elephas
Forest C,Megasoma elephas
Forest C,Megasoma elephas
Forest C,Megasoma elephas
Forest C,Megasoma elephas
Forest C,Megasoma elephas
Forest C,Megasoma elephas
Forest C,Megasoma elephas
Forest C,Megasoma elephas
Forest C,Megasoma elephas
Forest C,Megasoma elephas
Forest C,Megasoma elephas
Forest C,Megasoma elephas
Forest C,Megasoma elephas
Forest C,Megasoma elephas
Forest C,Megasoma elephas
Forest C,Megasoma elephas
Forest C,Megasoma elephas
Forest C,Megasoma elephas
Forest C,Megasoma elephas
Forest C,Megasoma elephas
Forest C,Megasoma elephas
Forest C,Megasoma elephas
Forest C,Megasoma elephas
Forest C,Megasoma elephas
Forest C,Megasoma elephas
Forest C,Megasoma elephas
Forest C,Megasoma elephas
Forest C,Megasoma elephas
Forest C,Megasoma elephas
Forest C,Megasoma elephas
Forest C,Megasoma elephas
Forest C,Megasoma elephas
Forest C,Megasoma elephas
Forest C,Megasoma elephas
Forest C,Megasoma elephas
Forest C,Megasoma elephas
Forest C,Megasoma elephas
Forest C,Megasoma elephas
Forest C,Chalcosoma atlas
Forest C,Chalcosoma atlas
Forest C,Chalcosoma atlas
Forest C,Chalcosoma atlas
Forest C,Chalcosoma atlas
Forest C,Chalcosoma atlas
Forest C,Chalcosoma atlas
Forest D,Allomyrina dichotoma
Forest D,Allomyrina dichotoma
Forest D,Allomyrina dichotoma
Forest D,Allomyrina dichotoma
Forest D,Allomyrina dichotoma
Forest D,Allomyrina dichotoma
Forest D,Allomyrina dichotoma
Forest D,Allomyrina dichotoma
Forest D,Allomyrina dichotoma
Forest D,Allomyrina dichotoma
Forest D,Allomyrina dichotoma
Forest D,Dynastes hercules
Forest D,Dynastes hercules
Forest D,Dynastes hercules
Forest D,Dynastes hercules
Forest D,Dynastes hercules
Forest D,Dynastes hercules
Forest D,Dynastes hercules
Forest D,Dynastes hercules
Forest D,Dynastes hercules
Forest D,Dynastes hercules
Forest D,Dynastes hercules
Forest D,Megasoma elephas
Forest D,Megasoma elephas
Forest D,Megasoma elephas
Forest D,Megasoma elephas
Forest D,Megasoma elephas
Forest D,Megasoma elephas
Forest D,Megasoma elephas
Forest D,Megasoma elephas
Forest D,Chalcosoma atlas
Forest D,Chalcosoma atlas
Forest D,Chalcosoma atlas
Forest D,Chalcosoma atlas
Forest D,Chalcosoma atlas
Forest D,Chalcosoma atlas
Forest D,Chalcosoma atlas
Forest D,Chalcosoma atlas
Forest D,Chalcosoma atlas
Forest D,Chalcosoma atlas
Forest D,Chalcosoma atlas
Forest D,Chalcosoma atlas
Forest D,Chalcosoma atlas
Forest D,Chalcosoma atlas
Forest D,Chalcosoma atlas
Forest D,Chalcosoma atlas
Forest D,Chalcosoma atlas
Forest D,Chalcosoma atlas
Forest D,Chalcosoma atlas
Forest D,Chalcosoma atlas
Forest D,Chalcosoma atlas
Forest D,Chalcosoma atlas
Forest D,Chalcosoma atlas
Forest D,Chalcosoma atlas
Forest D,Chalcosoma atlas
Forest D,Chalcosoma atlas
Forest D,Chalcosoma atlas
Forest D,Chalcosoma atlas
Forest D,Chalcosoma atlas
Forest D,Chalcosoma atlas
Forest D,Chalcosoma atlas
Forest D,Chalcosoma atlas
Forest D,Chalcosoma atlas
Forest D,Chalcosoma atlas
Forest D,Chalcosoma atlas
Forest D,Chalcosoma atlas
Forest D,Chalcosoma atlas
Forest D,Chalcosoma atlas
Forest D,Chalcosoma atlas
Forest D,Chalcosoma atlas
Forest D,Chalcosoma atlas
Forest D,Chalcosoma atlas
Forest D,Chalcosoma atlas
Forest D,Chalcosoma atlas
Forest D,Chalcosoma atlas
Forest D,Chalcosoma atlas
Forest D,Chalcosoma atlas
Forest D,Chalcosoma atlas
Forest D,Chalcosoma atlas
Forest D,Chalcosoma atlas
Forest D,Chalcosoma atlas
Forest D,Chalcosoma atlas
Forest D,Chalcosoma atlas
Forest D,Chalcosoma atlas
